2026-06-09 10:23:06,017 [INFO] Starting FITMOTOR GABUNG full sync | mode=incremental | machine=FITMOTOR1
2026-06-09 10:23:08,549 [INFO] Preflight OK: 2026-06-09 03:23:08
2026-06-09 10:23:08,549 [INFO] Opening Access MDB: E:\BENGKEL 2.0\FITMOTOR GABUNG.mdb
2026-06-09 10:23:09,937 [INFO] Sync dataset mulai: Master Cabang
2026-06-09 10:23:10,284 [ERROR] Sync gagal: ('HY000', "[HY000] [Microsoft][ODBC Microsoft Access Driver] Circular reference caused by alias 'kode' in query definition's SELECT list. (-3005) (SQLExecDirectW)")
Traceback (most recent call last):
  File "C:\laragon\www\web-bengkel\aplikasi\aplikasi\tools\access_sync_client\sync_fitmotor_gabung_full.py", line 702, in main
    summary = client.sync_dataset(connection, dataset, sample_limit=args.sample_limit)
              ^^^^^^^^^^^^^^^^^^^^^^^^^^^^^^^^^^^^^^^^^^^^^^^^^^^^^^^^^^^^^^^^^^^^^^^^
  File "C:\laragon\www\web-bengkel\aplikasi\aplikasi\tools\access_sync_client\sync_fitmotor_gabung_full.py", line 524, in sync_dataset
    for row in self.iter_access_rows(conn, dataset):
  File "C:\laragon\www\web-bengkel\aplikasi\aplikasi\tools\access_sync_client\sync_fitmotor_gabung_full.py", line 505, in iter_access_rows
    cursor.execute(dataset.sql)
pyodbc.Error: ('HY000', "[HY000] [Microsoft][ODBC Microsoft Access Driver] Circular reference caused by alias 'kode' in query definition's SELECT list. (-3005) (SQLExecDirectW)")
2026-06-09 10:24:13,116 [INFO] Starting FITMOTOR GABUNG full sync | mode=incremental | machine=FITMOTOR1
2026-06-09 10:24:15,369 [INFO] Preflight OK: 2026-06-09 03:24:15
2026-06-09 10:24:15,369 [INFO] Opening Access MDB: E:\BENGKEL 2.0\FITMOTOR GABUNG.mdb
2026-06-09 10:24:16,647 [INFO] Sync dataset mulai: Master Cabang
2026-06-09 10:24:16,870 [INFO] Batch terkirim: cabang | rows=4 | run_id=24
2026-06-09 10:24:16,915 [INFO] Sync dataset selesai: Master Cabang | scanned=4 sent=4 skipped=0 batches=1
2026-06-09 10:24:16,915 [INFO] Sync dataset mulai: Master Pelanggan
2026-06-09 10:24:19,943 [INFO] Batch terkirim: pelanggan | rows=5 | run_id=25
2026-06-09 10:24:19,953 [INFO] Sync dataset selesai: Master Pelanggan | scanned=5 sent=5 skipped=0 batches=1
2026-06-09 10:24:19,953 [INFO] Sync dataset mulai: Pelanggan & Kendaraan
2026-06-09 10:24:20,409 [ERROR] Sync gagal: ('42000', '[42000] [Microsoft][ODBC Microsoft Access Driver] The SELECT statement includes a reserved word or an argument name that is misspelled or missing, or the punctuation is incorrect. (-3504) (SQLExecDirectW)')
Traceback (most recent call last):
  File "C:\laragon\www\web-bengkel\aplikasi\aplikasi\tools\access_sync_client\sync_fitmotor_gabung_full.py", line 702, in main
    summary = client.sync_dataset(connection, dataset, sample_limit=args.sample_limit)
              ^^^^^^^^^^^^^^^^^^^^^^^^^^^^^^^^^^^^^^^^^^^^^^^^^^^^^^^^^^^^^^^^^^^^^^^^
  File "C:\laragon\www\web-bengkel\aplikasi\aplikasi\tools\access_sync_client\sync_fitmotor_gabung_full.py", line 524, in sync_dataset
    for row in self.iter_access_rows(conn, dataset):
  File "C:\laragon\www\web-bengkel\aplikasi\aplikasi\tools\access_sync_client\sync_fitmotor_gabung_full.py", line 505, in iter_access_rows
    cursor.execute(dataset.sql)
pyodbc.ProgrammingError: ('42000', '[42000] [Microsoft][ODBC Microsoft Access Driver] The SELECT statement includes a reserved word or an argument name that is misspelled or missing, or the punctuation is incorrect. (-3504) (SQLExecDirectW)')
2026-06-09 10:26:33,852 [INFO] Starting FITMOTOR GABUNG full sync | mode=incremental | machine=FITMOTOR1
2026-06-09 10:26:36,525 [INFO] Preflight OK: 2026-06-09 03:26:36
2026-06-09 10:26:36,525 [INFO] Opening Access MDB: E:\BENGKEL 2.0\FITMOTOR GABUNG.mdb
2026-06-09 10:26:38,553 [INFO] Sync dataset mulai: Master Cabang
2026-06-09 10:26:38,622 [INFO] Sync dataset selesai: Master Cabang | scanned=4 sent=0 skipped=4 batches=0
2026-06-09 10:26:38,622 [INFO] Sync dataset mulai: Master Pelanggan
2026-06-09 10:26:40,728 [INFO] Sync dataset selesai: Master Pelanggan | scanned=5 sent=0 skipped=5 batches=0
2026-06-09 10:26:40,728 [INFO] Sync dataset mulai: Pelanggan & Kendaraan
2026-06-09 10:26:41,107 [ERROR] Sync gagal: ('42000', '[42000] [Microsoft][ODBC Microsoft Access Driver] The SELECT statement includes a reserved word or an argument name that is misspelled or missing, or the punctuation is incorrect. (-3504) (SQLExecDirectW)')
Traceback (most recent call last):
  File "C:\laragon\www\web-bengkel\aplikasi\aplikasi\tools\access_sync_client\sync_fitmotor_gabung_full.py", line 702, in main
    summary = client.sync_dataset(connection, dataset, sample_limit=args.sample_limit)
              ^^^^^^^^^^^^^^^^^^^^^^^^^^^^^^^^^^^^^^^^^^^^^^^^^^^^^^^^^^^^^^^^^^^^^^^^
  File "C:\laragon\www\web-bengkel\aplikasi\aplikasi\tools\access_sync_client\sync_fitmotor_gabung_full.py", line 524, in sync_dataset
    for row in self.iter_access_rows(conn, dataset):
  File "C:\laragon\www\web-bengkel\aplikasi\aplikasi\tools\access_sync_client\sync_fitmotor_gabung_full.py", line 505, in iter_access_rows
    cursor.execute(dataset.sql)
pyodbc.ProgrammingError: ('42000', '[42000] [Microsoft][ODBC Microsoft Access Driver] The SELECT statement includes a reserved word or an argument name that is misspelled or missing, or the punctuation is incorrect. (-3504) (SQLExecDirectW)')
2026-06-09 10:29:03,849 [INFO] Starting FITMOTOR GABUNG full sync | mode=incremental | machine=FITMOTOR1
2026-06-09 10:29:06,259 [INFO] Preflight OK: 2026-06-09 03:29:06
2026-06-09 10:29:06,259 [INFO] Opening Access MDB: E:\BENGKEL 2.0\FITMOTOR GABUNG.mdb
2026-06-09 10:29:07,186 [INFO] Sync dataset mulai: Pelanggan & Kendaraan
2026-06-09 10:29:07,711 [INFO] Batch terkirim: kendaraan_pelanggan | rows=5 | run_id=28
2026-06-09 10:29:07,718 [INFO] Sync dataset selesai: Pelanggan & Kendaraan | scanned=5 sent=5 skipped=0 batches=1
2026-06-09 10:29:08,034 [INFO] Semua dataset selesai | total_scanned=5 | total_sent=5
2026-06-09 10:29:31,362 [INFO] Starting FITMOTOR GABUNG full sync | mode=incremental | machine=FITMOTOR1
2026-06-09 10:29:31,364 [INFO] Starting FITMOTOR GABUNG full sync | mode=incremental | machine=FITMOTOR1
2026-06-09 10:29:31,787 [INFO] Starting FITMOTOR GABUNG full sync | mode=incremental | machine=FITMOTOR1
2026-06-09 10:29:33,554 [INFO] Preflight OK: 2026-06-09 03:29:33
2026-06-09 10:29:33,554 [INFO] Opening Access MDB: E:\BENGKEL 2.0\FITMOTOR GABUNG.mdb
2026-06-09 10:29:33,558 [INFO] Preflight OK: 2026-06-09 03:29:33
2026-06-09 10:29:33,559 [INFO] Opening Access MDB: E:\BENGKEL 2.0\FITMOTOR GABUNG.mdb
2026-06-09 10:29:33,891 [INFO] Preflight OK: 2026-06-09 03:29:33
2026-06-09 10:29:33,891 [INFO] Opening Access MDB: E:\BENGKEL 2.0\FITMOTOR GABUNG.mdb
2026-06-09 10:29:34,409 [INFO] Sync dataset mulai: Item Per Bengkel
2026-06-09 10:29:34,409 [INFO] Sync dataset mulai: Master Pelanggan
2026-06-09 10:29:34,567 [ERROR] Sync gagal: ('HY000', "[HY000] [Microsoft][ODBC Microsoft Access Driver] Circular reference caused by alias 'supplier2' in query definition's SELECT list. (-3005) (SQLExecDirectW)")
Traceback (most recent call last):
  File "C:\laragon\www\web-bengkel\aplikasi\aplikasi\tools\access_sync_client\sync_fitmotor_gabung_full.py", line 702, in main
    summary = client.sync_dataset(connection, dataset, sample_limit=args.sample_limit)
              ^^^^^^^^^^^^^^^^^^^^^^^^^^^^^^^^^^^^^^^^^^^^^^^^^^^^^^^^^^^^^^^^^^^^^^^^
  File "C:\laragon\www\web-bengkel\aplikasi\aplikasi\tools\access_sync_client\sync_fitmotor_gabung_full.py", line 524, in sync_dataset
    for row in self.iter_access_rows(conn, dataset):
  File "C:\laragon\www\web-bengkel\aplikasi\aplikasi\tools\access_sync_client\sync_fitmotor_gabung_full.py", line 505, in iter_access_rows
    cursor.execute(dataset.sql)
pyodbc.Error: ('HY000', "[HY000] [Microsoft][ODBC Microsoft Access Driver] Circular reference caused by alias 'supplier2' in query definition's SELECT list. (-3005) (SQLExecDirectW)")
2026-06-09 10:29:34,661 [INFO] Sync dataset mulai: Master Cabang
2026-06-09 10:29:34,677 [INFO] Sync dataset selesai: Master Cabang | scanned=4 sent=0 skipped=4 batches=0
2026-06-09 10:29:34,893 [INFO] Semua dataset selesai | total_scanned=4 | total_sent=0
2026-06-09 10:29:36,117 [INFO] Sync dataset selesai: Master Pelanggan | scanned=5 sent=0 skipped=5 batches=0
2026-06-09 10:29:36,443 [INFO] Semua dataset selesai | total_scanned=5 | total_sent=0
2026-06-09 10:30:16,313 [INFO] Starting FITMOTOR GABUNG full sync | mode=incremental | machine=FITMOTOR1
2026-06-09 10:30:19,308 [INFO] Preflight OK: 2026-06-09 03:30:19
2026-06-09 10:30:19,309 [INFO] Opening Access MDB: E:\BENGKEL 2.0\FITMOTOR GABUNG.mdb
2026-06-09 10:30:20,680 [INFO] Sync dataset mulai: Item Per Bengkel
2026-06-09 10:30:21,528 [INFO] Batch terkirim: item | rows=5 | run_id=33
2026-06-09 10:30:21,535 [INFO] Sync dataset selesai: Item Per Bengkel | scanned=5 sent=5 skipped=0 batches=1
2026-06-09 10:30:21,535 [INFO] Sync dataset mulai: Supplier
2026-06-09 10:30:21,841 [ERROR] Sync gagal: ('HY000', "[HY000] [Microsoft][ODBC Microsoft Access Driver] Circular reference caused by alias 'sisa' in query definition's SELECT list. (-3005) (SQLExecDirectW)")
Traceback (most recent call last):
  File "C:\laragon\www\web-bengkel\aplikasi\aplikasi\tools\access_sync_client\sync_fitmotor_gabung_full.py", line 702, in main
    summary = client.sync_dataset(connection, dataset, sample_limit=args.sample_limit)
              ^^^^^^^^^^^^^^^^^^^^^^^^^^^^^^^^^^^^^^^^^^^^^^^^^^^^^^^^^^^^^^^^^^^^^^^^
  File "C:\laragon\www\web-bengkel\aplikasi\aplikasi\tools\access_sync_client\sync_fitmotor_gabung_full.py", line 524, in sync_dataset
    for row in self.iter_access_rows(conn, dataset):
  File "C:\laragon\www\web-bengkel\aplikasi\aplikasi\tools\access_sync_client\sync_fitmotor_gabung_full.py", line 505, in iter_access_rows
    cursor.execute(dataset.sql)
pyodbc.Error: ('HY000', "[HY000] [Microsoft][ODBC Microsoft Access Driver] Circular reference caused by alias 'sisa' in query definition's SELECT list. (-3005) (SQLExecDirectW)")
2026-06-09 10:31:02,911 [INFO] Starting FITMOTOR GABUNG full sync | mode=incremental | machine=FITMOTOR1
2026-06-09 10:31:05,072 [INFO] Preflight OK: 2026-06-09 03:31:05
2026-06-09 10:31:05,072 [INFO] Opening Access MDB: E:\BENGKEL 2.0\FITMOTOR GABUNG.mdb
2026-06-09 10:31:05,762 [INFO] Sync dataset mulai: Supplier
2026-06-09 10:31:05,917 [INFO] Batch terkirim: supplier | rows=5 | run_id=35
2026-06-09 10:31:05,926 [INFO] Sync dataset selesai: Supplier | scanned=5 sent=5 skipped=0 batches=1
2026-06-09 10:31:05,926 [INFO] Sync dataset mulai: Mekanik
2026-06-09 10:31:06,066 [INFO] Batch terkirim: mekanik | rows=5 | run_id=36
2026-06-09 10:31:06,071 [INFO] Sync dataset selesai: Mekanik | scanned=5 sent=5 skipped=0 batches=1
2026-06-09 10:31:06,071 [INFO] Sync dataset mulai: Member Pelanggan
2026-06-09 10:32:54,177 [INFO] Batch terkirim: member_pelanggan | rows=5 | run_id=37
2026-06-09 10:32:54,217 [INFO] Sync dataset selesai: Member Pelanggan | scanned=5 sent=5 skipped=0 batches=1
2026-06-09 10:32:54,219 [INFO] Sync dataset mulai: Pembelian
2026-06-09 10:32:54,494 [INFO] Batch terkirim: pembelian | rows=5 | run_id=38
2026-06-09 10:32:54,506 [INFO] Sync dataset selesai: Pembelian | scanned=5 sent=5 skipped=0 batches=1
2026-06-09 10:32:54,507 [INFO] Sync dataset mulai: Penjualan
2026-06-09 10:32:55,104 [ERROR] Sync gagal: ('HY000', "[HY000] [Microsoft][ODBC Microsoft Access Driver] The specified field '[NoTransaksi]' could refer to more than one table listed in the FROM clause of your SQL statement. (-3007) (SQLExecDirectW)")
Traceback (most recent call last):
  File "C:\laragon\www\web-bengkel\aplikasi\aplikasi\tools\access_sync_client\sync_fitmotor_gabung_full.py", line 702, in main
    summary = client.sync_dataset(connection, dataset, sample_limit=args.sample_limit)
              ^^^^^^^^^^^^^^^^^^^^^^^^^^^^^^^^^^^^^^^^^^^^^^^^^^^^^^^^^^^^^^^^^^^^^^^^
  File "C:\laragon\www\web-bengkel\aplikasi\aplikasi\tools\access_sync_client\sync_fitmotor_gabung_full.py", line 524, in sync_dataset
    for row in self.iter_access_rows(conn, dataset):
  File "C:\laragon\www\web-bengkel\aplikasi\aplikasi\tools\access_sync_client\sync_fitmotor_gabung_full.py", line 505, in iter_access_rows
    cursor.execute(dataset.sql)
pyodbc.Error: ('HY000', "[HY000] [Microsoft][ODBC Microsoft Access Driver] The specified field '[NoTransaksi]' could refer to more than one table listed in the FROM clause of your SQL statement. (-3007) (SQLExecDirectW)")
2026-06-09 10:34:32,977 [INFO] Starting FITMOTOR GABUNG full sync | mode=incremental | machine=FITMOTOR1
2026-06-09 10:34:35,173 [INFO] Preflight OK: 2026-06-09 03:34:35
2026-06-09 10:34:35,175 [INFO] Opening Access MDB: E:\BENGKEL 2.0\FITMOTOR GABUNG.mdb
2026-06-09 10:34:36,485 [INFO] Sync dataset mulai: Penjualan
2026-06-09 10:34:37,865 [INFO] Batch terkirim: penjualan | rows=5 | run_id=40
2026-06-09 10:34:37,872 [INFO] Sync dataset selesai: Penjualan | scanned=5 sent=5 skipped=0 batches=1
2026-06-09 10:34:37,872 [INFO] Sync dataset mulai: Service
2026-06-09 10:34:38,115 [ERROR] Sync gagal: ('HY000', "[HY000] [Microsoft][ODBC Microsoft Access Driver] Circular reference caused by alias 'biayam1' in query definition's SELECT list. (-3005) (SQLExecDirectW)")
Traceback (most recent call last):
  File "C:\laragon\www\web-bengkel\aplikasi\aplikasi\tools\access_sync_client\sync_fitmotor_gabung_full.py", line 714, in main
    summary = client.sync_dataset(connection, dataset, sample_limit=args.sample_limit)
              ^^^^^^^^^^^^^^^^^^^^^^^^^^^^^^^^^^^^^^^^^^^^^^^^^^^^^^^^^^^^^^^^^^^^^^^^
  File "C:\laragon\www\web-bengkel\aplikasi\aplikasi\tools\access_sync_client\sync_fitmotor_gabung_full.py", line 536, in sync_dataset
    for row in self.iter_access_rows(conn, dataset):
  File "C:\laragon\www\web-bengkel\aplikasi\aplikasi\tools\access_sync_client\sync_fitmotor_gabung_full.py", line 508, in iter_access_rows
    cursor.execute(dataset.sql)
pyodbc.Error: ('HY000', "[HY000] [Microsoft][ODBC Microsoft Access Driver] Circular reference caused by alias 'biayam1' in query definition's SELECT list. (-3005) (SQLExecDirectW)")
2026-06-09 10:35:32,860 [INFO] Starting FITMOTOR GABUNG full sync | mode=incremental | machine=FITMOTOR1
2026-06-09 10:35:33,273 [INFO] Starting FITMOTOR GABUNG full sync | mode=incremental | machine=FITMOTOR1
2026-06-09 10:35:35,091 [INFO] Preflight OK: 2026-06-09 03:35:35
2026-06-09 10:35:35,093 [INFO] Opening Access MDB: E:\BENGKEL 2.0\FITMOTOR GABUNG.mdb
2026-06-09 10:35:35,452 [INFO] Preflight OK: 2026-06-09 03:35:35
2026-06-09 10:35:35,453 [INFO] Opening Access MDB: E:\BENGKEL 2.0\FITMOTOR GABUNG.mdb
2026-06-09 10:35:36,095 [INFO] Sync dataset mulai: Service
2026-06-09 10:35:36,367 [INFO] Batch terkirim: service | rows=5 | run_id=42
2026-06-09 10:35:36,385 [INFO] Sync dataset selesai: Service | scanned=5 sent=5 skipped=0 batches=1
2026-06-09 10:35:36,399 [INFO] Sync dataset mulai: Master Cabang
2026-06-09 10:35:36,450 [INFO] Sync dataset selesai: Master Cabang | scanned=4 sent=0 skipped=4 batches=0
2026-06-09 10:35:36,450 [INFO] Sync dataset mulai: Master Pelanggan
2026-06-09 10:35:36,802 [INFO] Semua dataset selesai | total_scanned=5 | total_sent=5
2026-06-09 10:35:38,783 [INFO] Sync dataset selesai: Master Pelanggan | scanned=5 sent=0 skipped=5 batches=0
2026-06-09 10:35:38,784 [INFO] Sync dataset mulai: Pelanggan & Kendaraan
2026-06-09 10:35:38,813 [INFO] Sync dataset selesai: Pelanggan & Kendaraan | scanned=5 sent=0 skipped=5 batches=0
2026-06-09 10:35:38,814 [INFO] Sync dataset mulai: Item Per Bengkel
2026-06-09 10:35:38,848 [INFO] Sync dataset selesai: Item Per Bengkel | scanned=5 sent=0 skipped=5 batches=0
2026-06-09 10:35:38,848 [INFO] Sync dataset mulai: Supplier
2026-06-09 10:35:38,913 [INFO] Sync dataset selesai: Supplier | scanned=5 sent=0 skipped=5 batches=0
2026-06-09 10:35:38,913 [INFO] Sync dataset mulai: Mekanik
2026-06-09 10:35:38,940 [INFO] Sync dataset selesai: Mekanik | scanned=5 sent=0 skipped=5 batches=0
2026-06-09 10:35:38,941 [INFO] Sync dataset mulai: Member Pelanggan
2026-06-09 10:36:39,750 [INFO] Starting FITMOTOR GABUNG full sync | mode=incremental | machine=FITMOTOR1
2026-06-09 10:36:42,251 [INFO] Preflight OK: 2026-06-09 03:36:42
2026-06-09 10:36:42,252 [INFO] Opening Access MDB: E:\BENGKEL 2.0\FITMOTOR GABUNG.mdb
2026-06-09 10:36:46,807 [INFO] Sync dataset mulai: Master Cabang
2026-06-09 10:36:46,871 [INFO] Sync dataset selesai: Master Cabang | scanned=4 sent=0 skipped=4 batches=0
2026-06-09 10:36:46,871 [INFO] Sync dataset mulai: Master Pelanggan
2026-06-09 10:36:53,495 [INFO] Batch terkirim: pelanggan | rows=200 | run_id=44
2026-06-09 10:36:55,661 [INFO] Batch terkirim: pelanggan | rows=200 | run_id=45
2026-06-09 10:36:56,799 [INFO] Batch terkirim: pelanggan | rows=200 | run_id=46
2026-06-09 10:36:57,754 [INFO] Batch terkirim: pelanggan | rows=200 | run_id=47
2026-06-09 10:37:03,184 [ERROR] Sync gagal: HTTP 422: {'success': False, 'error': 'Conversion from collation utf8mb4_0900_ai_ci into latin1_swedish_ci impossible for parameter'}
Traceback (most recent call last):
  File "C:\laragon\www\web-bengkel\aplikasi\aplikasi\tools\access_sync_client\sync_fitmotor_gabung_full.py", line 715, in main
    summary = client.sync_dataset(connection, dataset, sample_limit=args.sample_limit)
              ^^^^^^^^^^^^^^^^^^^^^^^^^^^^^^^^^^^^^^^^^^^^^^^^^^^^^^^^^^^^^^^^^^^^^^^^
  File "C:\laragon\www\web-bengkel\aplikasi\aplikasi\tools\access_sync_client\sync_fitmotor_gabung_full.py", line 560, in sync_dataset
    sent_rows += self._flush_dataset_batch(dataset, changed_rows)
                 ^^^^^^^^^^^^^^^^^^^^^^^^^^^^^^^^^^^^^^^^^^^^^^^^
  File "C:\laragon\www\web-bengkel\aplikasi\aplikasi\tools\access_sync_client\sync_fitmotor_gabung_full.py", line 617, in _flush_dataset_batch
    response = self.api_post(dataset.endpoint, payload)
               ^^^^^^^^^^^^^^^^^^^^^^^^^^^^^^^^^^^^^^^^
  File "C:\laragon\www\web-bengkel\aplikasi\aplikasi\tools\access_sync_client\sync_fitmotor_gabung_full.py", line 469, in api_post
    raise RuntimeError(f"HTTP {response.status_code}: {body}")
RuntimeError: HTTP 422: {'success': False, 'error': 'Conversion from collation utf8mb4_0900_ai_ci into latin1_swedish_ci impossible for parameter'}
2026-06-09 10:38:11,732 [INFO] Sync dataset selesai: Member Pelanggan | scanned=5 sent=0 skipped=5 batches=0
2026-06-09 10:38:11,744 [INFO] Sync dataset mulai: Pembelian
2026-06-09 10:38:11,793 [INFO] Sync dataset selesai: Pembelian | scanned=5 sent=0 skipped=5 batches=0
2026-06-09 10:38:11,793 [INFO] Sync dataset mulai: Penjualan
2026-06-09 10:38:12,763 [INFO] Sync dataset selesai: Penjualan | scanned=5 sent=0 skipped=5 batches=0
2026-06-09 10:38:12,771 [INFO] Sync dataset mulai: Service
2026-06-09 10:38:12,826 [INFO] Sync dataset selesai: Service | scanned=5 sent=0 skipped=5 batches=0
2026-06-09 10:38:17,928 [INFO] Semua dataset selesai | total_scanned=49 | total_sent=0
2026-06-09 10:39:54,636 [INFO] Starting FITMOTOR GABUNG full sync | mode=incremental | machine=FITMOTOR1
2026-06-09 10:39:57,853 [INFO] Preflight OK: 2026-06-09 03:39:57
2026-06-09 10:39:57,856 [INFO] Opening Access MDB: E:\BENGKEL 2.0\FITMOTOR GABUNG.mdb
2026-06-09 10:40:02,436 [INFO] Sync dataset mulai: Master Cabang
2026-06-09 10:40:02,617 [INFO] Sync dataset selesai: Master Cabang | scanned=4 sent=0 skipped=4 batches=0
2026-06-09 10:40:02,618 [INFO] Sync dataset mulai: Master Pelanggan
2026-06-09 10:40:17,650 [ERROR] Sync gagal: HTTP 422: {'success': False, 'error': 'Conversion from collation utf8mb4_0900_ai_ci into latin1_swedish_ci impossible for parameter'}
Traceback (most recent call last):
  File "C:\laragon\www\web-bengkel\aplikasi\aplikasi\tools\access_sync_client\sync_fitmotor_gabung_full.py", line 715, in main
    summary = client.sync_dataset(connection, dataset, sample_limit=args.sample_limit)
              ^^^^^^^^^^^^^^^^^^^^^^^^^^^^^^^^^^^^^^^^^^^^^^^^^^^^^^^^^^^^^^^^^^^^^^^^
  File "C:\laragon\www\web-bengkel\aplikasi\aplikasi\tools\access_sync_client\sync_fitmotor_gabung_full.py", line 560, in sync_dataset
    sent_rows += self._flush_dataset_batch(dataset, changed_rows)
                 ^^^^^^^^^^^^^^^^^^^^^^^^^^^^^^^^^^^^^^^^^^^^^^^^
  File "C:\laragon\www\web-bengkel\aplikasi\aplikasi\tools\access_sync_client\sync_fitmotor_gabung_full.py", line 617, in _flush_dataset_batch
    response = self.api_post(dataset.endpoint, payload)
               ^^^^^^^^^^^^^^^^^^^^^^^^^^^^^^^^^^^^^^^^
  File "C:\laragon\www\web-bengkel\aplikasi\aplikasi\tools\access_sync_client\sync_fitmotor_gabung_full.py", line 469, in api_post
    raise RuntimeError(f"HTTP {response.status_code}: {body}")
RuntimeError: HTTP 422: {'success': False, 'error': 'Conversion from collation utf8mb4_0900_ai_ci into latin1_swedish_ci impossible for parameter'}
2026-06-09 10:41:18,494 [INFO] Starting FITMOTOR GABUNG full sync | mode=incremental | machine=FITMOTOR1
2026-06-09 10:41:20,970 [INFO] Preflight OK: 2026-06-09 03:41:20
2026-06-09 10:41:20,970 [INFO] Opening Access MDB: E:\BENGKEL 2.0\FITMOTOR GABUNG.mdb
2026-06-09 10:41:22,115 [INFO] Sync dataset mulai: Master Cabang
2026-06-09 10:41:22,155 [INFO] Sync dataset selesai: Master Cabang | scanned=4 sent=0 skipped=4 batches=0
2026-06-09 10:41:22,155 [INFO] Sync dataset mulai: Master Pelanggan
2026-06-09 10:41:24,051 [INFO] Sync dataset selesai: Master Pelanggan | scanned=5 sent=0 skipped=5 batches=0
2026-06-09 10:41:24,051 [INFO] Sync dataset mulai: Pelanggan & Kendaraan
2026-06-09 10:41:24,074 [INFO] Sync dataset selesai: Pelanggan & Kendaraan | scanned=5 sent=0 skipped=5 batches=0
2026-06-09 10:41:24,075 [INFO] Sync dataset mulai: Item Per Bengkel
2026-06-09 10:41:24,093 [INFO] Sync dataset selesai: Item Per Bengkel | scanned=5 sent=0 skipped=5 batches=0
2026-06-09 10:41:24,093 [INFO] Sync dataset mulai: Supplier
2026-06-09 10:41:24,109 [INFO] Sync dataset selesai: Supplier | scanned=5 sent=0 skipped=5 batches=0
2026-06-09 10:41:24,110 [INFO] Sync dataset mulai: Mekanik
2026-06-09 10:41:24,116 [INFO] Sync dataset selesai: Mekanik | scanned=5 sent=0 skipped=5 batches=0
2026-06-09 10:41:24,117 [INFO] Sync dataset mulai: Member Pelanggan
2026-06-09 10:43:30,979 [INFO] Sync dataset selesai: Member Pelanggan | scanned=5 sent=0 skipped=5 batches=0
2026-06-09 10:43:30,989 [INFO] Sync dataset mulai: Pembelian
2026-06-09 10:43:31,061 [INFO] Sync dataset selesai: Pembelian | scanned=5 sent=0 skipped=5 batches=0
2026-06-09 10:43:31,062 [INFO] Sync dataset mulai: Penjualan
2026-06-09 10:43:32,056 [INFO] Sync dataset selesai: Penjualan | scanned=5 sent=0 skipped=5 batches=0
2026-06-09 10:43:32,056 [INFO] Sync dataset mulai: Service
2026-06-09 10:43:32,131 [INFO] Sync dataset selesai: Service | scanned=5 sent=0 skipped=5 batches=0
2026-06-09 10:43:35,116 [INFO] Semua dataset selesai | total_scanned=49 | total_sent=0
2026-06-09 10:44:24,024 [INFO] Starting FITMOTOR GABUNG full sync | mode=incremental | machine=FITMOTOR1
2026-06-09 10:44:26,375 [INFO] Preflight OK: 2026-06-09 03:44:26
2026-06-09 10:44:26,375 [INFO] Opening Access MDB: E:\BENGKEL 2.0\FITMOTOR GABUNG.mdb
2026-06-09 10:44:29,226 [INFO] Sync dataset mulai: Master Cabang
2026-06-09 10:44:29,582 [INFO] Sync dataset selesai: Master Cabang | scanned=4 sent=0 skipped=4 batches=0
2026-06-09 10:44:29,583 [INFO] Sync dataset mulai: Master Pelanggan
2026-06-09 10:44:46,029 [INFO] Batch terkirim: pelanggan | rows=200 | run_id=54
2026-06-09 10:44:46,883 [INFO] Batch terkirim: pelanggan | rows=200 | run_id=55
2026-06-09 10:44:47,508 [INFO] Batch terkirim: pelanggan | rows=200 | run_id=56
2026-06-09 10:44:48,392 [INFO] Batch terkirim: pelanggan | rows=200 | run_id=57
2026-06-09 10:44:49,784 [INFO] Batch terkirim: pelanggan | rows=200 | run_id=58
2026-06-09 10:44:50,816 [INFO] Batch terkirim: pelanggan | rows=200 | run_id=59
2026-06-09 10:44:51,418 [INFO] Batch terkirim: pelanggan | rows=200 | run_id=60
2026-06-09 10:44:52,200 [INFO] Batch terkirim: pelanggan | rows=200 | run_id=61
2026-06-09 10:44:53,065 [INFO] Batch terkirim: pelanggan | rows=200 | run_id=62
2026-06-09 10:44:54,051 [INFO] Batch terkirim: pelanggan | rows=200 | run_id=63
2026-06-09 10:44:54,859 [INFO] Batch terkirim: pelanggan | rows=200 | run_id=64
2026-06-09 10:44:55,677 [INFO] Batch terkirim: pelanggan | rows=200 | run_id=65
2026-06-09 10:44:56,545 [INFO] Batch terkirim: pelanggan | rows=200 | run_id=66
2026-06-09 10:44:58,238 [ERROR] Sync gagal: HTTP 422: {'success': False, 'error': "Data too long for column 'telephone' at row 1"}
Traceback (most recent call last):
  File "C:\laragon\www\web-bengkel\aplikasi\aplikasi\tools\access_sync_client\sync_fitmotor_gabung_full.py", line 755, in main
    summary = client.sync_dataset(connection, dataset, sample_limit=args.sample_limit)
              ^^^^^^^^^^^^^^^^^^^^^^^^^^^^^^^^^^^^^^^^^^^^^^^^^^^^^^^^^^^^^^^^^^^^^^^^
  File "C:\laragon\www\web-bengkel\aplikasi\aplikasi\tools\access_sync_client\sync_fitmotor_gabung_full.py", line 595, in sync_dataset
    sent_rows += self._flush_dataset_batch(dataset, changed_rows)
                 ^^^^^^^^^^^^^^^^^^^^^^^^^^^^^^^^^^^^^^^^^^^^^^^^
  File "C:\laragon\www\web-bengkel\aplikasi\aplikasi\tools\access_sync_client\sync_fitmotor_gabung_full.py", line 652, in _flush_dataset_batch
    response = self.api_post(dataset.endpoint, payload)
               ^^^^^^^^^^^^^^^^^^^^^^^^^^^^^^^^^^^^^^^^
  File "C:\laragon\www\web-bengkel\aplikasi\aplikasi\tools\access_sync_client\sync_fitmotor_gabung_full.py", line 504, in api_post
    raise RuntimeError(f"HTTP {response.status_code}: {body}")
RuntimeError: HTTP 422: {'success': False, 'error': "Data too long for column 'telephone' at row 1"}
2026-06-09 10:45:28,487 [INFO] Starting FITMOTOR GABUNG full sync | mode=incremental | machine=FITMOTOR1
2026-06-09 10:45:30,800 [INFO] Preflight OK: 2026-06-09 03:45:30
2026-06-09 10:45:30,800 [INFO] Opening Access MDB: E:\BENGKEL 2.0\FITMOTOR GABUNG.mdb
2026-06-09 10:45:32,350 [INFO] Sync dataset mulai: Master Pelanggan
2026-06-09 10:45:35,567 [INFO] Sync dataset selesai: Master Pelanggan | scanned=500 sent=0 skipped=500 batches=0
2026-06-09 10:45:36,012 [INFO] Semua dataset selesai | total_scanned=500 | total_sent=0
2026-06-09 10:47:16,716 [INFO] Starting FITMOTOR GABUNG full sync | mode=incremental | machine=FITMOTOR1
2026-06-09 10:47:19,189 [INFO] Preflight OK: 2026-06-09 03:47:19
2026-06-09 10:47:19,189 [INFO] Opening Access MDB: E:\BENGKEL 2.0\FITMOTOR GABUNG.mdb
2026-06-09 10:47:20,293 [INFO] Sync dataset mulai: Master Pelanggan
2026-06-09 10:47:23,049 [INFO] Sync dataset selesai: Master Pelanggan | scanned=1000 sent=0 skipped=1000 batches=0
2026-06-09 10:47:23,790 [INFO] Semua dataset selesai | total_scanned=1000 | total_sent=0
2026-06-09 10:48:44,167 [INFO] Starting FITMOTOR GABUNG full sync | mode=incremental | machine=FITMOTOR1
2026-06-09 10:48:46,679 [INFO] Preflight OK: 2026-06-09 03:48:46
2026-06-09 10:48:46,680 [INFO] Opening Access MDB: E:\BENGKEL 2.0\FITMOTOR GABUNG.mdb
2026-06-09 10:48:49,971 [INFO] Sync dataset mulai: Master Cabang
2026-06-09 10:48:51,190 [INFO] Sync dataset selesai: Master Cabang | scanned=4 sent=0 skipped=4 batches=0
2026-06-09 10:48:51,192 [INFO] Sync dataset mulai: Master Pelanggan
2026-06-09 10:49:04,707 [INFO] Batch terkirim: pelanggan | rows=50 | run_id=71
2026-06-09 10:49:05,086 [INFO] Batch terkirim: pelanggan | rows=50 | run_id=72
2026-06-09 10:49:05,299 [INFO] Batch terkirim: pelanggan | rows=50 | run_id=73
2026-06-09 10:49:05,556 [INFO] Batch terkirim: pelanggan | rows=50 | run_id=74
2026-06-09 10:49:05,772 [INFO] Batch terkirim: pelanggan | rows=50 | run_id=75
2026-06-09 10:49:06,021 [INFO] Batch terkirim: pelanggan | rows=50 | run_id=76
2026-06-09 10:49:06,274 [INFO] Batch terkirim: pelanggan | rows=50 | run_id=77
2026-06-09 10:49:06,612 [INFO] Batch terkirim: pelanggan | rows=50 | run_id=78
2026-06-09 10:49:07,132 [INFO] Batch terkirim: pelanggan | rows=50 | run_id=79
2026-06-09 10:49:07,425 [INFO] Batch terkirim: pelanggan | rows=50 | run_id=80
2026-06-09 10:49:07,601 [INFO] Batch terkirim: pelanggan | rows=50 | run_id=81
2026-06-09 10:49:07,862 [INFO] Batch terkirim: pelanggan | rows=50 | run_id=82
2026-06-09 10:49:08,244 [INFO] Batch terkirim: pelanggan | rows=50 | run_id=83
2026-06-09 10:49:08,619 [INFO] Batch terkirim: pelanggan | rows=50 | run_id=84
2026-06-09 10:49:08,822 [INFO] Batch terkirim: pelanggan | rows=50 | run_id=85
2026-06-09 10:49:08,981 [INFO] Batch terkirim: pelanggan | rows=50 | run_id=86
2026-06-09 10:49:09,174 [INFO] Batch terkirim: pelanggan | rows=50 | run_id=87
2026-06-09 10:49:09,436 [INFO] Batch terkirim: pelanggan | rows=50 | run_id=88
2026-06-09 10:49:09,760 [INFO] Batch terkirim: pelanggan | rows=50 | run_id=89
2026-06-09 10:49:09,955 [INFO] Batch terkirim: pelanggan | rows=50 | run_id=90
2026-06-09 10:49:10,233 [INFO] Batch terkirim: pelanggan | rows=50 | run_id=91
2026-06-09 10:49:10,605 [INFO] Batch terkirim: pelanggan | rows=50 | run_id=92
2026-06-09 10:49:10,915 [INFO] Batch terkirim: pelanggan | rows=50 | run_id=93
2026-06-09 10:49:11,185 [INFO] Batch terkirim: pelanggan | rows=50 | run_id=94
2026-06-09 10:49:11,372 [INFO] Batch terkirim: pelanggan | rows=50 | run_id=95
2026-06-09 10:49:11,634 [INFO] Batch terkirim: pelanggan | rows=50 | run_id=96
2026-06-09 10:49:11,876 [INFO] Batch terkirim: pelanggan | rows=50 | run_id=97
2026-06-09 10:49:12,161 [INFO] Batch terkirim: pelanggan | rows=50 | run_id=98
2026-06-09 10:49:12,358 [INFO] Batch terkirim: pelanggan | rows=50 | run_id=99
2026-06-09 10:49:12,931 [INFO] Batch terkirim: pelanggan | rows=50 | run_id=100
2026-06-09 10:49:13,134 [INFO] Batch terkirim: pelanggan | rows=50 | run_id=101
2026-06-09 10:49:13,469 [INFO] Batch terkirim: pelanggan | rows=50 | run_id=102
2026-06-09 10:49:13,678 [INFO] Batch terkirim: pelanggan | rows=50 | run_id=103
2026-06-09 10:49:14,005 [INFO] Batch terkirim: pelanggan | rows=50 | run_id=104
2026-06-09 10:49:14,305 [INFO] Batch terkirim: pelanggan | rows=50 | run_id=105
2026-06-09 10:49:14,717 [INFO] Batch terkirim: pelanggan | rows=50 | run_id=106
2026-06-09 10:49:14,952 [INFO] Batch terkirim: pelanggan | rows=50 | run_id=107
2026-06-09 10:49:15,332 [INFO] Batch terkirim: pelanggan | rows=50 | run_id=108
2026-06-09 10:49:15,654 [INFO] Batch terkirim: pelanggan | rows=50 | run_id=109
2026-06-09 10:49:15,937 [INFO] Batch terkirim: pelanggan | rows=50 | run_id=110
2026-06-09 10:49:16,261 [INFO] Batch terkirim: pelanggan | rows=50 | run_id=111
2026-06-09 10:49:16,584 [INFO] Batch terkirim: pelanggan | rows=50 | run_id=112
2026-06-09 10:49:16,868 [INFO] Batch terkirim: pelanggan | rows=50 | run_id=113
2026-06-09 10:49:17,181 [INFO] Batch terkirim: pelanggan | rows=50 | run_id=114
2026-06-09 10:49:17,444 [INFO] Batch terkirim: pelanggan | rows=50 | run_id=115
2026-06-09 10:49:17,810 [INFO] Batch terkirim: pelanggan | rows=50 | run_id=116
2026-06-09 10:49:18,059 [INFO] Batch terkirim: pelanggan | rows=50 | run_id=117
2026-06-09 10:49:18,365 [INFO] Batch terkirim: pelanggan | rows=50 | run_id=118
2026-06-09 10:49:18,626 [INFO] Batch terkirim: pelanggan | rows=50 | run_id=119
2026-06-09 10:49:18,920 [INFO] Batch terkirim: pelanggan | rows=50 | run_id=120
2026-06-09 10:49:19,128 [INFO] Batch terkirim: pelanggan | rows=50 | run_id=121
2026-06-09 10:49:19,360 [INFO] Batch terkirim: pelanggan | rows=50 | run_id=122
2026-06-09 10:49:19,619 [INFO] Batch terkirim: pelanggan | rows=50 | run_id=123
2026-06-09 10:49:19,926 [INFO] Batch terkirim: pelanggan | rows=50 | run_id=124
2026-06-09 10:49:20,184 [INFO] Batch terkirim: pelanggan | rows=50 | run_id=125
2026-06-09 10:49:20,398 [INFO] Batch terkirim: pelanggan | rows=50 | run_id=126
2026-06-09 10:49:20,610 [INFO] Batch terkirim: pelanggan | rows=50 | run_id=127
2026-06-09 10:49:20,863 [INFO] Batch terkirim: pelanggan | rows=50 | run_id=128
2026-06-09 10:49:21,115 [INFO] Batch terkirim: pelanggan | rows=50 | run_id=129
2026-06-09 10:49:21,476 [INFO] Batch terkirim: pelanggan | rows=50 | run_id=130
2026-06-09 10:49:21,818 [INFO] Batch terkirim: pelanggan | rows=50 | run_id=131
2026-06-09 10:49:22,171 [INFO] Batch terkirim: pelanggan | rows=50 | run_id=132
2026-06-09 10:49:22,497 [INFO] Batch terkirim: pelanggan | rows=50 | run_id=133
2026-06-09 10:49:22,776 [INFO] Batch terkirim: pelanggan | rows=50 | run_id=134
2026-06-09 10:49:23,134 [INFO] Batch terkirim: pelanggan | rows=50 | run_id=135
2026-06-09 10:49:23,843 [INFO] Batch terkirim: pelanggan | rows=50 | run_id=136
2026-06-09 10:49:24,139 [INFO] Batch terkirim: pelanggan | rows=50 | run_id=137
2026-06-09 10:49:24,688 [INFO] Batch terkirim: pelanggan | rows=50 | run_id=138
2026-06-09 10:49:25,006 [INFO] Batch terkirim: pelanggan | rows=50 | run_id=139
2026-06-09 10:49:25,706 [INFO] Batch terkirim: pelanggan | rows=50 | run_id=140
2026-06-09 10:49:26,009 [INFO] Batch terkirim: pelanggan | rows=50 | run_id=141
2026-06-09 10:49:26,554 [INFO] Batch terkirim: pelanggan | rows=50 | run_id=142
2026-06-09 10:49:26,876 [INFO] Batch terkirim: pelanggan | rows=50 | run_id=143
2026-06-09 10:49:27,322 [INFO] Batch terkirim: pelanggan | rows=50 | run_id=144
2026-06-09 10:49:27,513 [INFO] Batch terkirim: pelanggan | rows=50 | run_id=145
2026-06-09 10:49:27,908 [INFO] Batch terkirim: pelanggan | rows=50 | run_id=146
2026-06-09 10:49:28,221 [INFO] Batch terkirim: pelanggan | rows=50 | run_id=147
2026-06-09 10:49:28,522 [INFO] Batch terkirim: pelanggan | rows=50 | run_id=148
2026-06-09 10:49:28,682 [INFO] Batch terkirim: pelanggan | rows=50 | run_id=149
2026-06-09 10:49:28,973 [INFO] Batch terkirim: pelanggan | rows=50 | run_id=150
2026-06-09 10:49:29,323 [INFO] Batch terkirim: pelanggan | rows=50 | run_id=151
2026-06-09 10:49:29,692 [INFO] Batch terkirim: pelanggan | rows=50 | run_id=152
2026-06-09 10:49:29,966 [INFO] Batch terkirim: pelanggan | rows=50 | run_id=153
2026-06-09 10:49:30,280 [INFO] Batch terkirim: pelanggan | rows=50 | run_id=154
2026-06-09 10:49:30,547 [INFO] Batch terkirim: pelanggan | rows=50 | run_id=155
2026-06-09 10:49:30,838 [INFO] Batch terkirim: pelanggan | rows=50 | run_id=156
2026-06-09 10:49:31,004 [INFO] Batch terkirim: pelanggan | rows=50 | run_id=157
2026-06-09 10:49:31,388 [INFO] Batch terkirim: pelanggan | rows=50 | run_id=158
2026-06-09 10:49:31,640 [INFO] Batch terkirim: pelanggan | rows=50 | run_id=159
2026-06-09 10:49:31,911 [INFO] Batch terkirim: pelanggan | rows=50 | run_id=160
2026-06-09 10:49:32,155 [INFO] Batch terkirim: pelanggan | rows=50 | run_id=161
2026-06-09 10:49:32,365 [INFO] Batch terkirim: pelanggan | rows=50 | run_id=162
2026-06-09 10:49:32,593 [INFO] Batch terkirim: pelanggan | rows=50 | run_id=163
2026-06-09 10:49:32,847 [INFO] Batch terkirim: pelanggan | rows=50 | run_id=164
2026-06-09 10:49:33,131 [INFO] Batch terkirim: pelanggan | rows=50 | run_id=165
2026-06-09 10:49:33,383 [INFO] Batch terkirim: pelanggan | rows=50 | run_id=166
2026-06-09 10:49:33,739 [INFO] Batch terkirim: pelanggan | rows=50 | run_id=167
2026-06-09 10:49:34,071 [INFO] Batch terkirim: pelanggan | rows=50 | run_id=168
2026-06-09 10:49:34,409 [INFO] Batch terkirim: pelanggan | rows=50 | run_id=169
2026-06-09 10:49:34,708 [INFO] Batch terkirim: pelanggan | rows=50 | run_id=170
2026-06-09 10:49:34,942 [INFO] Batch terkirim: pelanggan | rows=50 | run_id=171
2026-06-09 10:49:35,304 [INFO] Batch terkirim: pelanggan | rows=50 | run_id=172
2026-06-09 10:49:35,586 [INFO] Batch terkirim: pelanggan | rows=50 | run_id=173
2026-06-09 10:49:35,830 [INFO] Batch terkirim: pelanggan | rows=50 | run_id=174
2026-06-09 10:49:36,025 [INFO] Batch terkirim: pelanggan | rows=50 | run_id=175
2026-06-09 10:49:36,413 [INFO] Batch terkirim: pelanggan | rows=50 | run_id=176
2026-06-09 10:49:36,777 [INFO] Batch terkirim: pelanggan | rows=50 | run_id=177
2026-06-09 10:49:37,115 [INFO] Batch terkirim: pelanggan | rows=50 | run_id=178
2026-06-09 10:49:37,473 [INFO] Batch terkirim: pelanggan | rows=50 | run_id=179
2026-06-09 10:49:37,876 [INFO] Batch terkirim: pelanggan | rows=50 | run_id=180
2026-06-09 10:49:38,220 [INFO] Batch terkirim: pelanggan | rows=50 | run_id=181
2026-06-09 10:49:38,544 [INFO] Batch terkirim: pelanggan | rows=50 | run_id=182
2026-06-09 10:49:38,806 [INFO] Batch terkirim: pelanggan | rows=50 | run_id=183
2026-06-09 10:49:39,303 [INFO] Batch terkirim: pelanggan | rows=50 | run_id=184
2026-06-09 10:49:39,566 [INFO] Batch terkirim: pelanggan | rows=50 | run_id=185
2026-06-09 10:49:40,284 [INFO] Batch terkirim: pelanggan | rows=50 | run_id=186
2026-06-09 10:49:42,213 [INFO] Batch terkirim: pelanggan | rows=50 | run_id=187
2026-06-09 10:49:43,508 [INFO] Batch terkirim: pelanggan | rows=50 | run_id=188
2026-06-09 10:49:43,906 [INFO] Batch terkirim: pelanggan | rows=50 | run_id=189
2026-06-09 10:49:44,250 [INFO] Batch terkirim: pelanggan | rows=50 | run_id=190
2026-06-09 10:49:44,580 [INFO] Batch terkirim: pelanggan | rows=50 | run_id=191
2026-06-09 10:49:44,919 [INFO] Batch terkirim: pelanggan | rows=50 | run_id=192
2026-06-09 10:49:45,289 [INFO] Batch terkirim: pelanggan | rows=50 | run_id=193
2026-06-09 10:49:45,792 [INFO] Batch terkirim: pelanggan | rows=50 | run_id=194
2026-06-09 10:49:46,341 [INFO] Batch terkirim: pelanggan | rows=50 | run_id=195
2026-06-09 10:49:46,775 [INFO] Batch terkirim: pelanggan | rows=50 | run_id=196
2026-06-09 10:49:47,421 [INFO] Batch terkirim: pelanggan | rows=50 | run_id=197
2026-06-09 10:49:47,713 [INFO] Batch terkirim: pelanggan | rows=50 | run_id=198
2026-06-09 10:49:47,958 [INFO] Batch terkirim: pelanggan | rows=50 | run_id=199
2026-06-09 10:49:48,202 [INFO] Batch terkirim: pelanggan | rows=50 | run_id=200
2026-06-09 10:49:48,457 [INFO] Batch terkirim: pelanggan | rows=50 | run_id=201
2026-06-09 10:49:48,823 [INFO] Batch terkirim: pelanggan | rows=50 | run_id=202
2026-06-09 10:49:49,036 [INFO] Batch terkirim: pelanggan | rows=50 | run_id=203
2026-06-09 10:49:49,385 [INFO] Batch terkirim: pelanggan | rows=50 | run_id=204
2026-06-09 10:49:49,662 [INFO] Batch terkirim: pelanggan | rows=50 | run_id=205
2026-06-09 10:49:50,025 [INFO] Batch terkirim: pelanggan | rows=50 | run_id=206
2026-06-09 10:49:50,854 [INFO] Batch terkirim: pelanggan | rows=50 | run_id=207
2026-06-09 10:49:51,757 [INFO] Batch terkirim: pelanggan | rows=50 | run_id=208
2026-06-09 10:49:52,083 [INFO] Batch terkirim: pelanggan | rows=50 | run_id=209
2026-06-09 10:49:52,392 [INFO] Batch terkirim: pelanggan | rows=50 | run_id=210
2026-06-09 10:49:52,617 [INFO] Batch terkirim: pelanggan | rows=50 | run_id=211
2026-06-09 10:49:52,919 [INFO] Batch terkirim: pelanggan | rows=50 | run_id=212
2026-06-09 10:49:53,157 [INFO] Batch terkirim: pelanggan | rows=50 | run_id=213
2026-06-09 10:49:53,969 [INFO] Batch terkirim: pelanggan | rows=50 | run_id=214
2026-06-09 10:49:54,175 [INFO] Batch terkirim: pelanggan | rows=50 | run_id=215
2026-06-09 10:50:39,687 [INFO] Batch terkirim: pelanggan | rows=50 | run_id=216
2026-06-09 10:50:40,700 [INFO] Batch terkirim: pelanggan | rows=50 | run_id=217
2026-06-09 10:50:41,028 [INFO] Batch terkirim: pelanggan | rows=50 | run_id=218
2026-06-09 10:50:41,213 [INFO] Batch terkirim: pelanggan | rows=50 | run_id=219
2026-06-09 10:50:41,441 [INFO] Batch terkirim: pelanggan | rows=50 | run_id=220
2026-06-09 10:50:41,795 [INFO] Batch terkirim: pelanggan | rows=50 | run_id=221
2026-06-09 10:50:41,985 [INFO] Batch terkirim: pelanggan | rows=50 | run_id=222
2026-06-09 10:50:42,149 [INFO] Batch terkirim: pelanggan | rows=50 | run_id=223
2026-06-09 10:50:42,486 [INFO] Batch terkirim: pelanggan | rows=50 | run_id=224
2026-06-09 10:50:42,847 [INFO] Batch terkirim: pelanggan | rows=50 | run_id=225
2026-06-09 10:50:43,047 [INFO] Batch terkirim: pelanggan | rows=50 | run_id=226
2026-06-09 10:50:43,306 [INFO] Batch terkirim: pelanggan | rows=50 | run_id=227
2026-06-09 10:50:43,699 [INFO] Batch terkirim: pelanggan | rows=50 | run_id=228
2026-06-09 10:50:43,947 [INFO] Batch terkirim: pelanggan | rows=50 | run_id=229
2026-06-09 10:50:44,679 [INFO] Batch terkirim: pelanggan | rows=50 | run_id=230
2026-06-09 10:50:44,998 [INFO] Batch terkirim: pelanggan | rows=50 | run_id=231
2026-06-09 10:50:46,453 [INFO] Batch terkirim: pelanggan | rows=50 | run_id=232
2026-06-09 10:50:47,358 [INFO] Batch terkirim: pelanggan | rows=50 | run_id=233
2026-06-09 10:50:47,878 [INFO] Batch terkirim: pelanggan | rows=50 | run_id=234
2026-06-09 10:50:48,285 [INFO] Batch terkirim: pelanggan | rows=50 | run_id=235
2026-06-09 10:50:48,765 [INFO] Batch terkirim: pelanggan | rows=50 | run_id=236
2026-06-09 10:50:49,077 [INFO] Batch terkirim: pelanggan | rows=50 | run_id=237
2026-06-09 10:50:49,448 [INFO] Batch terkirim: pelanggan | rows=50 | run_id=238
2026-06-09 10:50:49,832 [INFO] Batch terkirim: pelanggan | rows=50 | run_id=239
2026-06-09 10:50:50,157 [INFO] Batch terkirim: pelanggan | rows=50 | run_id=240
2026-06-09 10:50:50,557 [INFO] Batch terkirim: pelanggan | rows=50 | run_id=241
2026-06-09 10:50:50,868 [INFO] Batch terkirim: pelanggan | rows=50 | run_id=242
2026-06-09 10:50:51,097 [INFO] Batch terkirim: pelanggan | rows=50 | run_id=243
2026-06-09 10:50:51,320 [INFO] Batch terkirim: pelanggan | rows=50 | run_id=244
2026-06-09 10:50:51,613 [INFO] Batch terkirim: pelanggan | rows=50 | run_id=245
2026-06-09 10:50:51,917 [INFO] Batch terkirim: pelanggan | rows=50 | run_id=246
2026-06-09 10:50:52,235 [INFO] Batch terkirim: pelanggan | rows=50 | run_id=247
2026-06-09 10:50:52,516 [INFO] Batch terkirim: pelanggan | rows=50 | run_id=248
2026-06-09 10:50:52,765 [INFO] Batch terkirim: pelanggan | rows=50 | run_id=249
2026-06-09 10:50:53,002 [INFO] Batch terkirim: pelanggan | rows=50 | run_id=250
2026-06-09 10:50:53,345 [INFO] Batch terkirim: pelanggan | rows=50 | run_id=251
2026-06-09 10:50:53,601 [INFO] Batch terkirim: pelanggan | rows=50 | run_id=252
2026-06-09 10:50:53,874 [INFO] Batch terkirim: pelanggan | rows=50 | run_id=253
2026-06-09 10:50:54,150 [INFO] Batch terkirim: pelanggan | rows=50 | run_id=254
2026-06-09 10:50:54,372 [INFO] Batch terkirim: pelanggan | rows=50 | run_id=255
2026-06-09 10:50:54,617 [INFO] Batch terkirim: pelanggan | rows=50 | run_id=256
2026-06-09 10:50:54,871 [INFO] Batch terkirim: pelanggan | rows=50 | run_id=257
2026-06-09 10:50:55,092 [INFO] Batch terkirim: pelanggan | rows=50 | run_id=258
2026-06-09 10:50:55,298 [INFO] Batch terkirim: pelanggan | rows=50 | run_id=259
2026-06-09 10:50:55,602 [INFO] Batch terkirim: pelanggan | rows=50 | run_id=260
2026-06-09 10:50:55,868 [INFO] Batch terkirim: pelanggan | rows=50 | run_id=261
2026-06-09 10:50:56,164 [INFO] Batch terkirim: pelanggan | rows=50 | run_id=262
2026-06-09 10:50:56,441 [INFO] Batch terkirim: pelanggan | rows=50 | run_id=263
2026-06-09 10:50:56,661 [INFO] Batch terkirim: pelanggan | rows=50 | run_id=264
2026-06-09 10:50:56,938 [INFO] Batch terkirim: pelanggan | rows=50 | run_id=265
2026-06-09 10:50:57,184 [INFO] Batch terkirim: pelanggan | rows=50 | run_id=266
2026-06-09 10:50:57,440 [INFO] Batch terkirim: pelanggan | rows=50 | run_id=267
2026-06-09 10:50:57,680 [INFO] Batch terkirim: pelanggan | rows=50 | run_id=268
2026-06-09 10:50:57,861 [INFO] Batch terkirim: pelanggan | rows=50 | run_id=269
2026-06-09 10:50:58,048 [INFO] Batch terkirim: pelanggan | rows=50 | run_id=270
2026-06-09 10:50:58,301 [INFO] Batch terkirim: pelanggan | rows=50 | run_id=271
2026-06-09 10:50:58,567 [INFO] Batch terkirim: pelanggan | rows=50 | run_id=272
2026-06-09 10:50:58,897 [INFO] Batch terkirim: pelanggan | rows=50 | run_id=273
2026-06-09 10:50:59,201 [INFO] Batch terkirim: pelanggan | rows=50 | run_id=274
2026-06-09 10:50:59,538 [INFO] Batch terkirim: pelanggan | rows=50 | run_id=275
2026-06-09 10:50:59,880 [INFO] Batch terkirim: pelanggan | rows=50 | run_id=276
2026-06-09 10:51:00,186 [INFO] Batch terkirim: pelanggan | rows=50 | run_id=277
2026-06-09 10:51:00,506 [INFO] Batch terkirim: pelanggan | rows=50 | run_id=278
2026-06-09 10:51:00,813 [INFO] Batch terkirim: pelanggan | rows=50 | run_id=279
2026-06-09 10:51:01,068 [INFO] Batch terkirim: pelanggan | rows=50 | run_id=280
2026-06-09 10:51:01,466 [INFO] Batch terkirim: pelanggan | rows=50 | run_id=281
2026-06-09 10:51:01,900 [INFO] Batch terkirim: pelanggan | rows=50 | run_id=282
2026-06-09 10:51:02,182 [INFO] Batch terkirim: pelanggan | rows=50 | run_id=283
2026-06-09 10:51:02,489 [INFO] Batch terkirim: pelanggan | rows=50 | run_id=284
2026-06-09 10:51:02,829 [INFO] Batch terkirim: pelanggan | rows=50 | run_id=285
2026-06-09 10:51:03,044 [INFO] Batch terkirim: pelanggan | rows=50 | run_id=286
2026-06-09 10:51:03,354 [INFO] Batch terkirim: pelanggan | rows=50 | run_id=287
2026-06-09 10:51:03,713 [INFO] Batch terkirim: pelanggan | rows=50 | run_id=288
2026-06-09 10:51:04,052 [INFO] Batch terkirim: pelanggan | rows=50 | run_id=289
2026-06-09 10:51:04,555 [INFO] Batch terkirim: pelanggan | rows=50 | run_id=290
2026-06-09 10:51:04,882 [INFO] Batch terkirim: pelanggan | rows=50 | run_id=291
2026-06-09 10:51:17,053 [INFO] Batch terkirim: pelanggan | rows=50 | run_id=292
2026-06-09 10:51:17,292 [INFO] Batch terkirim: pelanggan | rows=50 | run_id=293
2026-06-09 10:51:17,483 [INFO] Batch terkirim: pelanggan | rows=50 | run_id=294
2026-06-09 10:51:17,765 [INFO] Batch terkirim: pelanggan | rows=50 | run_id=295
2026-06-09 10:51:18,037 [INFO] Batch terkirim: pelanggan | rows=50 | run_id=296
2026-06-09 10:51:18,315 [INFO] Batch terkirim: pelanggan | rows=50 | run_id=297
2026-06-09 10:51:18,523 [INFO] Batch terkirim: pelanggan | rows=50 | run_id=298
2026-06-09 10:51:18,843 [INFO] Batch terkirim: pelanggan | rows=50 | run_id=299
2026-06-09 10:51:19,093 [INFO] Batch terkirim: pelanggan | rows=50 | run_id=300
2026-06-09 10:51:19,475 [INFO] Batch terkirim: pelanggan | rows=50 | run_id=301
2026-06-09 10:51:19,803 [INFO] Batch terkirim: pelanggan | rows=50 | run_id=302
2026-06-09 10:51:19,984 [INFO] Batch terkirim: pelanggan | rows=50 | run_id=303
2026-06-09 10:51:20,154 [INFO] Batch terkirim: pelanggan | rows=50 | run_id=304
2026-06-09 10:51:20,312 [INFO] Batch terkirim: pelanggan | rows=50 | run_id=305
2026-06-09 10:51:20,546 [INFO] Batch terkirim: pelanggan | rows=50 | run_id=306
2026-06-09 10:51:20,828 [INFO] Batch terkirim: pelanggan | rows=50 | run_id=307
2026-06-09 10:51:20,986 [INFO] Batch terkirim: pelanggan | rows=50 | run_id=308
2026-06-09 10:51:21,233 [INFO] Batch terkirim: pelanggan | rows=50 | run_id=309
2026-06-09 10:51:21,613 [INFO] Batch terkirim: pelanggan | rows=50 | run_id=310
2026-06-09 10:51:21,924 [INFO] Batch terkirim: pelanggan | rows=50 | run_id=311
2026-06-09 10:51:22,182 [INFO] Batch terkirim: pelanggan | rows=50 | run_id=312
2026-06-09 10:51:22,504 [INFO] Batch terkirim: pelanggan | rows=50 | run_id=313
2026-06-09 10:51:22,798 [INFO] Batch terkirim: pelanggan | rows=50 | run_id=314
2026-06-09 10:51:23,120 [INFO] Batch terkirim: pelanggan | rows=50 | run_id=315
2026-06-09 10:51:23,394 [INFO] Batch terkirim: pelanggan | rows=50 | run_id=316
2026-06-09 10:51:23,697 [INFO] Batch terkirim: pelanggan | rows=50 | run_id=317
2026-06-09 10:51:24,043 [INFO] Batch terkirim: pelanggan | rows=50 | run_id=318
2026-06-09 10:51:24,349 [INFO] Batch terkirim: pelanggan | rows=50 | run_id=319
2026-06-09 10:51:24,713 [INFO] Batch terkirim: pelanggan | rows=50 | run_id=320
2026-06-09 10:51:25,045 [INFO] Batch terkirim: pelanggan | rows=50 | run_id=321
2026-06-09 10:51:25,554 [INFO] Batch terkirim: pelanggan | rows=50 | run_id=322
2026-06-09 10:51:25,909 [INFO] Batch terkirim: pelanggan | rows=50 | run_id=323
2026-06-09 10:51:40,596 [INFO] Batch terkirim: pelanggan | rows=50 | run_id=324
2026-06-09 10:51:43,527 [INFO] Batch terkirim: pelanggan | rows=50 | run_id=325
2026-06-09 10:51:44,356 [INFO] Batch terkirim: pelanggan | rows=50 | run_id=326
2026-06-09 10:51:48,046 [INFO] Batch terkirim: pelanggan | rows=50 | run_id=327
2026-06-09 10:51:48,907 [INFO] Batch terkirim: pelanggan | rows=50 | run_id=328
2026-06-09 10:51:49,145 [INFO] Batch terkirim: pelanggan | rows=50 | run_id=329
2026-06-09 10:51:49,604 [INFO] Batch terkirim: pelanggan | rows=50 | run_id=330
2026-06-09 10:51:49,916 [INFO] Batch terkirim: pelanggan | rows=50 | run_id=331
2026-06-09 10:51:50,295 [INFO] Batch terkirim: pelanggan | rows=50 | run_id=332
2026-06-09 10:51:50,610 [INFO] Batch terkirim: pelanggan | rows=50 | run_id=333
2026-06-09 10:51:51,108 [INFO] Batch terkirim: pelanggan | rows=50 | run_id=334
2026-06-09 10:51:51,457 [INFO] Batch terkirim: pelanggan | rows=50 | run_id=335
2026-06-09 10:51:51,862 [INFO] Batch terkirim: pelanggan | rows=50 | run_id=336
2026-06-09 10:51:52,189 [INFO] Batch terkirim: pelanggan | rows=50 | run_id=337
2026-06-09 10:51:52,566 [INFO] Batch terkirim: pelanggan | rows=50 | run_id=338
2026-06-09 10:51:52,792 [INFO] Batch terkirim: pelanggan | rows=50 | run_id=339
2026-06-09 10:51:53,114 [INFO] Batch terkirim: pelanggan | rows=50 | run_id=340
2026-06-09 10:51:53,347 [INFO] Batch terkirim: pelanggan | rows=50 | run_id=341
2026-06-09 10:51:53,728 [INFO] Batch terkirim: pelanggan | rows=50 | run_id=342
2026-06-09 10:51:53,964 [INFO] Batch terkirim: pelanggan | rows=50 | run_id=343
2026-06-09 10:51:58,299 [INFO] Batch terkirim: pelanggan | rows=50 | run_id=344
2026-06-09 10:52:16,756 [INFO] Batch terkirim: pelanggan | rows=50 | run_id=345
2026-06-09 10:52:17,929 [INFO] Batch terkirim: pelanggan | rows=50 | run_id=346
2026-06-09 10:52:18,318 [INFO] Batch terkirim: pelanggan | rows=50 | run_id=347
2026-06-09 10:52:18,647 [INFO] Batch terkirim: pelanggan | rows=50 | run_id=348
2026-06-09 10:52:18,975 [INFO] Batch terkirim: pelanggan | rows=50 | run_id=349
2026-06-09 10:52:20,008 [INFO] Batch terkirim: pelanggan | rows=50 | run_id=350
2026-06-09 10:52:20,594 [INFO] Batch terkirim: pelanggan | rows=50 | run_id=351
2026-06-09 10:52:21,728 [INFO] Batch terkirim: pelanggan | rows=50 | run_id=352
2026-06-09 10:52:21,975 [INFO] Batch terkirim: pelanggan | rows=50 | run_id=353
2026-06-09 10:52:22,473 [INFO] Batch terkirim: pelanggan | rows=50 | run_id=354
2026-06-09 10:52:22,688 [INFO] Batch terkirim: pelanggan | rows=50 | run_id=355
2026-06-09 10:52:23,030 [INFO] Batch terkirim: pelanggan | rows=50 | run_id=356
2026-06-09 10:52:23,297 [INFO] Batch terkirim: pelanggan | rows=50 | run_id=357
2026-06-09 10:52:23,632 [INFO] Batch terkirim: pelanggan | rows=50 | run_id=358
2026-06-09 10:52:24,011 [INFO] Batch terkirim: pelanggan | rows=50 | run_id=359
2026-06-09 10:52:25,131 [INFO] Batch terkirim: pelanggan | rows=50 | run_id=360
2026-06-09 10:52:25,388 [INFO] Batch terkirim: pelanggan | rows=50 | run_id=361
2026-06-09 10:52:25,668 [INFO] Batch terkirim: pelanggan | rows=50 | run_id=362
2026-06-09 10:52:25,891 [INFO] Batch terkirim: pelanggan | rows=50 | run_id=363
2026-06-09 10:52:26,249 [INFO] Batch terkirim: pelanggan | rows=50 | run_id=364
2026-06-09 10:52:26,505 [INFO] Batch terkirim: pelanggan | rows=50 | run_id=365
2026-06-09 10:52:26,880 [INFO] Batch terkirim: pelanggan | rows=50 | run_id=366
2026-06-09 10:52:27,195 [INFO] Batch terkirim: pelanggan | rows=50 | run_id=367
2026-06-09 10:52:27,485 [INFO] Batch terkirim: pelanggan | rows=50 | run_id=368
2026-06-09 10:52:27,818 [INFO] Batch terkirim: pelanggan | rows=50 | run_id=369
2026-06-09 10:52:28,112 [INFO] Batch terkirim: pelanggan | rows=50 | run_id=370
2026-06-09 10:52:28,406 [INFO] Batch terkirim: pelanggan | rows=50 | run_id=371
2026-06-09 10:52:28,707 [INFO] Batch terkirim: pelanggan | rows=50 | run_id=372
2026-06-09 10:52:28,913 [INFO] Batch terkirim: pelanggan | rows=50 | run_id=373
2026-06-09 10:52:29,224 [INFO] Batch terkirim: pelanggan | rows=50 | run_id=374
2026-06-09 10:52:29,409 [INFO] Batch terkirim: pelanggan | rows=50 | run_id=375
2026-06-09 10:52:29,766 [INFO] Batch terkirim: pelanggan | rows=50 | run_id=376
2026-06-09 10:52:29,956 [INFO] Batch terkirim: pelanggan | rows=50 | run_id=377
2026-06-09 10:52:30,338 [INFO] Batch terkirim: pelanggan | rows=50 | run_id=378
2026-06-09 10:52:30,577 [INFO] Batch terkirim: pelanggan | rows=50 | run_id=379
2026-06-09 10:52:30,980 [INFO] Batch terkirim: pelanggan | rows=50 | run_id=380
2026-06-09 10:52:31,207 [INFO] Batch terkirim: pelanggan | rows=50 | run_id=381
2026-06-09 10:52:31,591 [INFO] Batch terkirim: pelanggan | rows=50 | run_id=382
2026-06-09 10:52:31,819 [INFO] Batch terkirim: pelanggan | rows=50 | run_id=383
2026-06-09 10:52:32,198 [INFO] Batch terkirim: pelanggan | rows=50 | run_id=384
2026-06-09 10:52:32,516 [INFO] Batch terkirim: pelanggan | rows=50 | run_id=385
2026-06-09 10:52:32,845 [INFO] Batch terkirim: pelanggan | rows=50 | run_id=386
2026-06-09 10:52:33,063 [INFO] Batch terkirim: pelanggan | rows=50 | run_id=387
2026-06-09 10:52:33,523 [INFO] Batch terkirim: pelanggan | rows=50 | run_id=388
2026-06-09 10:52:33,782 [INFO] Batch terkirim: pelanggan | rows=50 | run_id=389
2026-06-09 10:52:34,151 [INFO] Batch terkirim: pelanggan | rows=50 | run_id=390
2026-06-09 10:52:34,432 [INFO] Batch terkirim: pelanggan | rows=50 | run_id=391
2026-06-09 10:52:34,826 [INFO] Batch terkirim: pelanggan | rows=50 | run_id=392
2026-06-09 10:52:35,148 [INFO] Batch terkirim: pelanggan | rows=50 | run_id=393
2026-06-09 10:52:35,801 [INFO] Batch terkirim: pelanggan | rows=50 | run_id=394
2026-06-09 10:52:36,072 [INFO] Batch terkirim: pelanggan | rows=50 | run_id=395
2026-06-09 10:52:36,381 [INFO] Batch terkirim: pelanggan | rows=50 | run_id=396
2026-06-09 10:52:36,806 [INFO] Batch terkirim: pelanggan | rows=50 | run_id=397
2026-06-09 10:52:37,091 [INFO] Batch terkirim: pelanggan | rows=50 | run_id=398
2026-06-09 10:52:37,284 [INFO] Batch terkirim: pelanggan | rows=50 | run_id=399
2026-06-09 10:52:37,665 [INFO] Batch terkirim: pelanggan | rows=50 | run_id=400
2026-06-09 10:52:37,875 [INFO] Batch terkirim: pelanggan | rows=50 | run_id=401
2026-06-09 10:52:38,172 [INFO] Batch terkirim: pelanggan | rows=50 | run_id=402
2026-06-09 10:52:38,388 [INFO] Batch terkirim: pelanggan | rows=50 | run_id=403
2026-06-09 10:52:38,673 [INFO] Batch terkirim: pelanggan | rows=50 | run_id=404
2026-06-09 10:52:38,933 [INFO] Batch terkirim: pelanggan | rows=50 | run_id=405
2026-06-09 10:52:39,281 [INFO] Batch terkirim: pelanggan | rows=50 | run_id=406
2026-06-09 10:52:39,515 [INFO] Batch terkirim: pelanggan | rows=50 | run_id=407
2026-06-09 10:52:39,915 [INFO] Batch terkirim: pelanggan | rows=50 | run_id=408
2026-06-09 10:52:40,179 [INFO] Batch terkirim: pelanggan | rows=50 | run_id=409
2026-06-09 10:52:40,389 [INFO] Batch terkirim: pelanggan | rows=50 | run_id=410
2026-06-09 10:52:40,579 [INFO] Batch terkirim: pelanggan | rows=50 | run_id=411
2026-06-09 10:52:41,009 [INFO] Batch terkirim: pelanggan | rows=50 | run_id=412
2026-06-09 10:52:41,284 [INFO] Batch terkirim: pelanggan | rows=50 | run_id=413
2026-06-09 10:52:41,896 [INFO] Batch terkirim: pelanggan | rows=50 | run_id=414
2026-06-09 10:52:42,118 [INFO] Batch terkirim: pelanggan | rows=50 | run_id=415
2026-06-09 10:52:42,531 [INFO] Batch terkirim: pelanggan | rows=50 | run_id=416
2026-06-09 10:52:42,824 [INFO] Batch terkirim: pelanggan | rows=50 | run_id=417
2026-06-09 10:52:43,049 [INFO] Batch terkirim: pelanggan | rows=50 | run_id=418
2026-06-09 10:52:43,393 [INFO] Batch terkirim: pelanggan | rows=50 | run_id=419
2026-06-09 10:52:43,791 [INFO] Batch terkirim: pelanggan | rows=50 | run_id=420
2026-06-09 10:52:44,095 [INFO] Batch terkirim: pelanggan | rows=50 | run_id=421
2026-06-09 10:52:44,893 [INFO] Batch terkirim: pelanggan | rows=50 | run_id=422
2026-06-09 10:52:47,194 [INFO] Batch terkirim: pelanggan | rows=50 | run_id=423
2026-06-09 10:52:55,109 [INFO] Batch terkirim: pelanggan | rows=50 | run_id=424
2026-06-09 10:52:55,361 [INFO] Batch terkirim: pelanggan | rows=50 | run_id=425
2026-06-09 10:52:55,692 [INFO] Batch terkirim: pelanggan | rows=50 | run_id=426
2026-06-09 10:52:55,975 [INFO] Batch terkirim: pelanggan | rows=50 | run_id=427
2026-06-09 10:52:56,271 [INFO] Batch terkirim: pelanggan | rows=50 | run_id=428
2026-06-09 10:52:56,516 [INFO] Batch terkirim: pelanggan | rows=50 | run_id=429
2026-06-09 10:52:56,871 [INFO] Batch terkirim: pelanggan | rows=50 | run_id=430
2026-06-09 10:52:57,114 [INFO] Batch terkirim: pelanggan | rows=50 | run_id=431
2026-06-09 10:52:57,384 [INFO] Batch terkirim: pelanggan | rows=50 | run_id=432
2026-06-09 10:52:57,672 [INFO] Batch terkirim: pelanggan | rows=50 | run_id=433
2026-06-09 10:52:58,410 [INFO] Batch terkirim: pelanggan | rows=50 | run_id=434
2026-06-09 10:52:59,233 [INFO] Batch terkirim: pelanggan | rows=50 | run_id=435
2026-06-09 10:52:59,681 [INFO] Batch terkirim: pelanggan | rows=50 | run_id=436
2026-06-09 10:52:59,904 [INFO] Batch terkirim: pelanggan | rows=50 | run_id=437
2026-06-09 10:53:00,273 [INFO] Batch terkirim: pelanggan | rows=50 | run_id=438
2026-06-09 10:53:00,631 [INFO] Batch terkirim: pelanggan | rows=50 | run_id=439
2026-06-09 10:53:01,254 [INFO] Batch terkirim: pelanggan | rows=50 | run_id=440
2026-06-09 10:53:03,882 [INFO] Batch terkirim: pelanggan | rows=50 | run_id=441
2026-06-09 10:53:07,082 [INFO] Batch terkirim: pelanggan | rows=50 | run_id=442
2026-06-09 10:53:07,482 [INFO] Batch terkirim: pelanggan | rows=50 | run_id=443
2026-06-09 10:53:07,899 [INFO] Batch terkirim: pelanggan | rows=50 | run_id=444
2026-06-09 10:53:08,248 [INFO] Batch terkirim: pelanggan | rows=50 | run_id=445
2026-06-09 10:53:08,570 [INFO] Batch terkirim: pelanggan | rows=50 | run_id=446
2026-06-09 10:53:08,851 [INFO] Batch terkirim: pelanggan | rows=50 | run_id=447
2026-06-09 10:53:09,172 [INFO] Batch terkirim: pelanggan | rows=50 | run_id=448
2026-06-09 10:53:09,421 [INFO] Batch terkirim: pelanggan | rows=50 | run_id=449
2026-06-09 10:53:09,745 [INFO] Batch terkirim: pelanggan | rows=50 | run_id=450
2026-06-09 10:53:10,026 [INFO] Batch terkirim: pelanggan | rows=50 | run_id=451
2026-06-09 10:53:10,385 [INFO] Batch terkirim: pelanggan | rows=50 | run_id=452
2026-06-09 10:53:10,706 [INFO] Batch terkirim: pelanggan | rows=50 | run_id=453
2026-06-09 10:53:11,003 [INFO] Batch terkirim: pelanggan | rows=50 | run_id=454
2026-06-09 10:53:11,276 [INFO] Batch terkirim: pelanggan | rows=50 | run_id=455
2026-06-09 10:53:11,543 [INFO] Batch terkirim: pelanggan | rows=50 | run_id=456
2026-06-09 10:53:11,977 [INFO] Batch terkirim: pelanggan | rows=50 | run_id=457
2026-06-09 10:53:12,343 [INFO] Batch terkirim: pelanggan | rows=50 | run_id=458
2026-06-09 10:53:12,656 [INFO] Batch terkirim: pelanggan | rows=50 | run_id=459
2026-06-09 10:53:13,083 [INFO] Batch terkirim: pelanggan | rows=50 | run_id=460
2026-06-09 10:53:13,368 [INFO] Batch terkirim: pelanggan | rows=50 | run_id=461
2026-06-09 10:53:14,149 [INFO] Batch terkirim: pelanggan | rows=50 | run_id=462
2026-06-09 10:53:16,422 [INFO] Batch terkirim: pelanggan | rows=50 | run_id=463
2026-06-09 10:53:22,094 [INFO] Batch terkirim: pelanggan | rows=50 | run_id=464
2026-06-09 10:53:25,596 [INFO] Batch terkirim: pelanggan | rows=50 | run_id=465
2026-06-09 10:53:26,928 [INFO] Batch terkirim: pelanggan | rows=50 | run_id=466
2026-06-09 10:53:27,286 [INFO] Batch terkirim: pelanggan | rows=50 | run_id=467
2026-06-09 10:53:28,339 [INFO] Batch terkirim: pelanggan | rows=50 | run_id=468
2026-06-09 10:53:28,811 [INFO] Batch terkirim: pelanggan | rows=50 | run_id=469
2026-06-09 10:53:29,723 [INFO] Batch terkirim: pelanggan | rows=50 | run_id=470
2026-06-09 10:53:30,118 [INFO] Batch terkirim: pelanggan | rows=50 | run_id=471
2026-06-09 10:53:30,492 [INFO] Batch terkirim: pelanggan | rows=50 | run_id=472
2026-06-09 10:53:30,932 [INFO] Batch terkirim: pelanggan | rows=50 | run_id=473
2026-06-09 10:53:31,562 [INFO] Batch terkirim: pelanggan | rows=50 | run_id=474
2026-06-09 10:53:32,041 [INFO] Batch terkirim: pelanggan | rows=50 | run_id=475
2026-06-09 10:53:32,491 [INFO] Batch terkirim: pelanggan | rows=50 | run_id=476
2026-06-09 10:53:32,775 [INFO] Batch terkirim: pelanggan | rows=50 | run_id=477
2026-06-09 10:53:33,319 [INFO] Batch terkirim: pelanggan | rows=50 | run_id=478
2026-06-09 10:53:33,695 [INFO] Batch terkirim: pelanggan | rows=50 | run_id=479
2026-06-09 10:53:34,031 [INFO] Batch terkirim: pelanggan | rows=50 | run_id=480
2026-06-09 10:53:34,277 [INFO] Batch terkirim: pelanggan | rows=50 | run_id=481
2026-06-09 10:53:34,638 [INFO] Batch terkirim: pelanggan | rows=50 | run_id=482
2026-06-09 10:53:34,896 [INFO] Batch terkirim: pelanggan | rows=50 | run_id=483
2026-06-09 10:53:35,159 [INFO] Batch terkirim: pelanggan | rows=50 | run_id=484
2026-06-09 10:53:35,429 [INFO] Batch terkirim: pelanggan | rows=50 | run_id=485
2026-06-09 10:53:35,745 [INFO] Batch terkirim: pelanggan | rows=50 | run_id=486
2026-06-09 10:53:36,053 [INFO] Batch terkirim: pelanggan | rows=50 | run_id=487
2026-06-09 10:53:36,489 [INFO] Batch terkirim: pelanggan | rows=50 | run_id=488
2026-06-09 10:53:36,743 [INFO] Batch terkirim: pelanggan | rows=50 | run_id=489
2026-06-09 10:53:37,013 [INFO] Batch terkirim: pelanggan | rows=50 | run_id=490
2026-06-09 10:53:37,244 [INFO] Batch terkirim: pelanggan | rows=50 | run_id=491
2026-06-09 10:53:37,523 [INFO] Batch terkirim: pelanggan | rows=50 | run_id=492
2026-06-09 10:53:37,845 [INFO] Batch terkirim: pelanggan | rows=50 | run_id=493
2026-06-09 10:53:38,156 [INFO] Batch terkirim: pelanggan | rows=50 | run_id=494
2026-06-09 10:53:38,458 [INFO] Batch terkirim: pelanggan | rows=50 | run_id=495
2026-06-09 10:53:38,838 [INFO] Batch terkirim: pelanggan | rows=50 | run_id=496
2026-06-09 10:53:39,140 [INFO] Batch terkirim: pelanggan | rows=50 | run_id=497
2026-06-09 10:53:39,431 [INFO] Batch terkirim: pelanggan | rows=50 | run_id=498
2026-06-09 10:53:39,674 [INFO] Batch terkirim: pelanggan | rows=50 | run_id=499
2026-06-09 10:53:43,907 [INFO] Batch terkirim: pelanggan | rows=50 | run_id=500
2026-06-09 10:53:44,627 [INFO] Batch terkirim: pelanggan | rows=50 | run_id=501
2026-06-09 10:53:45,322 [INFO] Batch terkirim: pelanggan | rows=50 | run_id=502
2026-06-09 10:53:45,545 [INFO] Batch terkirim: pelanggan | rows=50 | run_id=503
2026-06-09 10:53:45,796 [INFO] Batch terkirim: pelanggan | rows=50 | run_id=504
2026-06-09 10:53:46,022 [INFO] Batch terkirim: pelanggan | rows=50 | run_id=505
2026-06-09 10:53:46,237 [INFO] Batch terkirim: pelanggan | rows=50 | run_id=506
2026-06-09 10:53:46,438 [INFO] Batch terkirim: pelanggan | rows=50 | run_id=507
2026-06-09 10:53:46,860 [INFO] Batch terkirim: pelanggan | rows=50 | run_id=508
2026-06-09 10:53:47,109 [INFO] Batch terkirim: pelanggan | rows=50 | run_id=509
2026-06-09 10:53:47,376 [INFO] Batch terkirim: pelanggan | rows=50 | run_id=510
2026-06-09 10:53:47,693 [INFO] Batch terkirim: pelanggan | rows=50 | run_id=511
2026-06-09 10:53:47,981 [INFO] Batch terkirim: pelanggan | rows=50 | run_id=512
2026-06-09 10:53:48,188 [INFO] Batch terkirim: pelanggan | rows=50 | run_id=513
2026-06-09 10:53:48,492 [INFO] Batch terkirim: pelanggan | rows=50 | run_id=514
2026-06-09 10:53:48,877 [INFO] Batch terkirim: pelanggan | rows=50 | run_id=515
2026-06-09 10:53:49,085 [INFO] Batch terkirim: pelanggan | rows=50 | run_id=516
2026-06-09 10:53:49,348 [INFO] Batch terkirim: pelanggan | rows=50 | run_id=517
2026-06-09 10:53:49,676 [INFO] Batch terkirim: pelanggan | rows=50 | run_id=518
2026-06-09 10:53:49,930 [INFO] Batch terkirim: pelanggan | rows=50 | run_id=519
2026-06-09 10:53:50,153 [INFO] Batch terkirim: pelanggan | rows=50 | run_id=520
2026-06-09 10:53:50,362 [INFO] Batch terkirim: pelanggan | rows=50 | run_id=521
2026-06-09 10:53:50,808 [INFO] Batch terkirim: pelanggan | rows=50 | run_id=522
2026-06-09 10:53:50,996 [INFO] Batch terkirim: pelanggan | rows=50 | run_id=523
2026-06-09 10:53:51,442 [INFO] Batch terkirim: pelanggan | rows=50 | run_id=524
2026-06-09 10:53:51,705 [INFO] Batch terkirim: pelanggan | rows=50 | run_id=525
2026-06-09 10:53:51,997 [INFO] Batch terkirim: pelanggan | rows=50 | run_id=526
2026-06-09 10:53:52,388 [INFO] Batch terkirim: pelanggan | rows=50 | run_id=527
2026-06-09 10:53:52,894 [INFO] Batch terkirim: pelanggan | rows=50 | run_id=528
2026-06-09 10:53:53,274 [INFO] Batch terkirim: pelanggan | rows=50 | run_id=529
2026-06-09 10:53:53,809 [INFO] Batch terkirim: pelanggan | rows=50 | run_id=530
2026-06-09 10:53:54,298 [INFO] Batch terkirim: pelanggan | rows=50 | run_id=531
2026-06-09 10:53:54,830 [INFO] Batch terkirim: pelanggan | rows=50 | run_id=532
2026-06-09 10:53:55,196 [INFO] Batch terkirim: pelanggan | rows=50 | run_id=533
2026-06-09 10:53:55,502 [INFO] Batch terkirim: pelanggan | rows=50 | run_id=534
2026-06-09 10:53:55,746 [INFO] Batch terkirim: pelanggan | rows=50 | run_id=535
2026-06-09 10:53:56,227 [INFO] Batch terkirim: pelanggan | rows=50 | run_id=536
2026-06-09 10:53:56,502 [INFO] Batch terkirim: pelanggan | rows=50 | run_id=537
2026-06-09 10:53:56,828 [INFO] Batch terkirim: pelanggan | rows=50 | run_id=538
2026-06-09 10:53:57,009 [INFO] Batch terkirim: pelanggan | rows=50 | run_id=539
2026-06-09 10:53:57,242 [INFO] Batch terkirim: pelanggan | rows=50 | run_id=540
2026-06-09 10:53:57,477 [INFO] Batch terkirim: pelanggan | rows=50 | run_id=541
2026-06-09 10:53:57,856 [INFO] Batch terkirim: pelanggan | rows=50 | run_id=542
2026-06-09 10:53:58,213 [INFO] Batch terkirim: pelanggan | rows=50 | run_id=543
2026-06-09 10:53:58,557 [INFO] Batch terkirim: pelanggan | rows=50 | run_id=544
2026-06-09 10:53:58,862 [INFO] Batch terkirim: pelanggan | rows=50 | run_id=545
2026-06-09 10:53:59,179 [INFO] Batch terkirim: pelanggan | rows=50 | run_id=546
2026-06-09 10:53:59,542 [INFO] Batch terkirim: pelanggan | rows=50 | run_id=547
2026-06-09 10:53:59,873 [INFO] Batch terkirim: pelanggan | rows=50 | run_id=548
2026-06-09 10:54:00,213 [INFO] Batch terkirim: pelanggan | rows=50 | run_id=549
2026-06-09 10:54:00,490 [INFO] Batch terkirim: pelanggan | rows=50 | run_id=550
2026-06-09 10:54:00,874 [INFO] Batch terkirim: pelanggan | rows=50 | run_id=551
2026-06-09 10:54:01,177 [INFO] Batch terkirim: pelanggan | rows=50 | run_id=552
2026-06-09 10:54:01,569 [INFO] Batch terkirim: pelanggan | rows=50 | run_id=553
2026-06-09 10:54:01,909 [INFO] Batch terkirim: pelanggan | rows=50 | run_id=554
2026-06-09 10:54:02,286 [INFO] Batch terkirim: pelanggan | rows=50 | run_id=555
2026-06-09 10:54:02,673 [INFO] Batch terkirim: pelanggan | rows=50 | run_id=556
2026-06-09 10:54:03,013 [INFO] Batch terkirim: pelanggan | rows=50 | run_id=557
2026-06-09 10:54:03,371 [INFO] Batch terkirim: pelanggan | rows=50 | run_id=558
2026-06-09 10:54:03,779 [INFO] Batch terkirim: pelanggan | rows=50 | run_id=559
2026-06-09 10:54:04,027 [INFO] Batch terkirim: pelanggan | rows=50 | run_id=560
2026-06-09 10:54:04,341 [INFO] Batch terkirim: pelanggan | rows=50 | run_id=561
2026-06-09 10:54:04,662 [INFO] Batch terkirim: pelanggan | rows=50 | run_id=562
2026-06-09 10:54:04,917 [INFO] Batch terkirim: pelanggan | rows=50 | run_id=563
2026-06-09 10:54:05,275 [INFO] Batch terkirim: pelanggan | rows=50 | run_id=564
2026-06-09 10:54:05,593 [INFO] Batch terkirim: pelanggan | rows=50 | run_id=565
2026-06-09 10:54:06,758 [INFO] Batch terkirim: pelanggan | rows=50 | run_id=566
2026-06-09 10:54:07,213 [INFO] Batch terkirim: pelanggan | rows=50 | run_id=567
2026-06-09 10:54:07,564 [INFO] Batch terkirim: pelanggan | rows=50 | run_id=568
2026-06-09 10:54:07,872 [INFO] Batch terkirim: pelanggan | rows=50 | run_id=569
2026-06-09 10:54:08,205 [INFO] Batch terkirim: pelanggan | rows=50 | run_id=570
2026-06-09 10:54:08,445 [INFO] Batch terkirim: pelanggan | rows=50 | run_id=571
2026-06-09 10:54:08,745 [INFO] Batch terkirim: pelanggan | rows=50 | run_id=572
2026-06-09 10:54:09,043 [INFO] Batch terkirim: pelanggan | rows=50 | run_id=573
2026-06-09 10:54:09,467 [INFO] Batch terkirim: pelanggan | rows=50 | run_id=574
2026-06-09 10:54:09,741 [INFO] Batch terkirim: pelanggan | rows=50 | run_id=575
2026-06-09 10:54:10,108 [INFO] Batch terkirim: pelanggan | rows=50 | run_id=576
2026-06-09 10:54:10,356 [INFO] Batch terkirim: pelanggan | rows=50 | run_id=577
2026-06-09 10:54:10,707 [INFO] Batch terkirim: pelanggan | rows=50 | run_id=578
2026-06-09 10:54:11,008 [INFO] Batch terkirim: pelanggan | rows=50 | run_id=579
2026-06-09 10:54:11,214 [INFO] Batch terkirim: pelanggan | rows=50 | run_id=580
2026-06-09 10:54:11,461 [INFO] Batch terkirim: pelanggan | rows=50 | run_id=581
2026-06-09 10:54:11,767 [INFO] Batch terkirim: pelanggan | rows=50 | run_id=582
2026-06-09 10:54:12,125 [INFO] Batch terkirim: pelanggan | rows=50 | run_id=583
2026-06-09 10:54:12,474 [INFO] Batch terkirim: pelanggan | rows=50 | run_id=584
2026-06-09 10:54:12,794 [INFO] Batch terkirim: pelanggan | rows=50 | run_id=585
2026-06-09 10:54:13,112 [INFO] Batch terkirim: pelanggan | rows=50 | run_id=586
2026-06-09 10:54:13,456 [INFO] Batch terkirim: pelanggan | rows=50 | run_id=587
2026-06-09 10:54:13,807 [INFO] Batch terkirim: pelanggan | rows=50 | run_id=588
2026-06-09 10:54:14,047 [INFO] Batch terkirim: pelanggan | rows=50 | run_id=589
2026-06-09 10:54:14,391 [INFO] Batch terkirim: pelanggan | rows=50 | run_id=590
2026-06-09 10:54:14,803 [INFO] Batch terkirim: pelanggan | rows=50 | run_id=591
2026-06-09 10:54:15,141 [INFO] Batch terkirim: pelanggan | rows=50 | run_id=592
2026-06-09 10:54:15,432 [INFO] Batch terkirim: pelanggan | rows=50 | run_id=593
2026-06-09 10:54:15,775 [INFO] Batch terkirim: pelanggan | rows=50 | run_id=594
2026-06-09 10:54:16,097 [INFO] Batch terkirim: pelanggan | rows=50 | run_id=595
2026-06-09 10:54:16,445 [INFO] Batch terkirim: pelanggan | rows=50 | run_id=596
2026-06-09 10:54:16,794 [INFO] Batch terkirim: pelanggan | rows=50 | run_id=597
2026-06-09 10:54:17,087 [INFO] Batch terkirim: pelanggan | rows=50 | run_id=598
2026-06-09 10:54:17,503 [INFO] Batch terkirim: pelanggan | rows=50 | run_id=599
2026-06-09 10:54:17,846 [INFO] Batch terkirim: pelanggan | rows=50 | run_id=600
2026-06-09 10:54:18,112 [INFO] Batch terkirim: pelanggan | rows=50 | run_id=601
2026-06-09 10:54:18,454 [INFO] Batch terkirim: pelanggan | rows=50 | run_id=602
2026-06-09 10:54:18,810 [INFO] Batch terkirim: pelanggan | rows=50 | run_id=603
2026-06-09 10:54:19,202 [INFO] Batch terkirim: pelanggan | rows=50 | run_id=604
2026-06-09 10:54:19,489 [INFO] Batch terkirim: pelanggan | rows=50 | run_id=605
2026-06-09 10:54:19,827 [INFO] Batch terkirim: pelanggan | rows=50 | run_id=606
2026-06-09 10:54:20,070 [INFO] Batch terkirim: pelanggan | rows=50 | run_id=607
2026-06-09 10:54:20,404 [INFO] Batch terkirim: pelanggan | rows=50 | run_id=608
2026-06-09 10:54:20,635 [INFO] Batch terkirim: pelanggan | rows=50 | run_id=609
2026-06-09 10:54:20,975 [INFO] Batch terkirim: pelanggan | rows=50 | run_id=610
2026-06-09 10:54:21,273 [INFO] Batch terkirim: pelanggan | rows=50 | run_id=611
2026-06-09 10:54:21,613 [INFO] Batch terkirim: pelanggan | rows=50 | run_id=612
2026-06-09 10:54:21,954 [INFO] Batch terkirim: pelanggan | rows=50 | run_id=613
2026-06-09 10:54:22,325 [INFO] Batch terkirim: pelanggan | rows=50 | run_id=614
2026-06-09 10:54:22,702 [INFO] Batch terkirim: pelanggan | rows=50 | run_id=615
2026-06-09 10:54:22,967 [INFO] Batch terkirim: pelanggan | rows=50 | run_id=616
2026-06-09 10:54:23,306 [INFO] Batch terkirim: pelanggan | rows=50 | run_id=617
2026-06-09 10:54:23,642 [INFO] Batch terkirim: pelanggan | rows=50 | run_id=618
2026-06-09 10:54:23,896 [INFO] Batch terkirim: pelanggan | rows=50 | run_id=619
2026-06-09 10:54:24,217 [INFO] Batch terkirim: pelanggan | rows=50 | run_id=620
2026-06-09 10:54:24,506 [INFO] Batch terkirim: pelanggan | rows=50 | run_id=621
2026-06-09 10:54:24,791 [INFO] Batch terkirim: pelanggan | rows=50 | run_id=622
2026-06-09 10:54:25,020 [INFO] Batch terkirim: pelanggan | rows=50 | run_id=623
2026-06-09 10:54:25,350 [INFO] Batch terkirim: pelanggan | rows=50 | run_id=624
2026-06-09 10:54:25,621 [INFO] Batch terkirim: pelanggan | rows=50 | run_id=625
2026-06-09 10:54:25,985 [INFO] Batch terkirim: pelanggan | rows=50 | run_id=626
2026-06-09 10:54:26,309 [INFO] Batch terkirim: pelanggan | rows=50 | run_id=627
2026-06-09 10:54:26,754 [INFO] Batch terkirim: pelanggan | rows=50 | run_id=628
2026-06-09 10:54:27,020 [INFO] Batch terkirim: pelanggan | rows=50 | run_id=629
2026-06-09 10:54:27,413 [INFO] Batch terkirim: pelanggan | rows=50 | run_id=630
2026-06-09 10:54:27,675 [INFO] Batch terkirim: pelanggan | rows=50 | run_id=631
2026-06-09 10:54:28,005 [INFO] Batch terkirim: pelanggan | rows=50 | run_id=632
2026-06-09 10:54:28,402 [INFO] Batch terkirim: pelanggan | rows=50 | run_id=633
2026-06-09 10:54:28,795 [INFO] Batch terkirim: pelanggan | rows=50 | run_id=634
2026-06-09 10:54:29,185 [INFO] Batch terkirim: pelanggan | rows=50 | run_id=635
2026-06-09 10:54:29,516 [INFO] Batch terkirim: pelanggan | rows=50 | run_id=636
2026-06-09 10:54:29,855 [INFO] Batch terkirim: pelanggan | rows=50 | run_id=637
2026-06-09 10:54:30,210 [INFO] Batch terkirim: pelanggan | rows=50 | run_id=638
2026-06-09 10:54:30,562 [INFO] Batch terkirim: pelanggan | rows=50 | run_id=639
2026-06-09 10:54:30,927 [INFO] Batch terkirim: pelanggan | rows=50 | run_id=640
2026-06-09 10:54:31,276 [INFO] Batch terkirim: pelanggan | rows=50 | run_id=641
2026-06-09 10:54:31,682 [INFO] Batch terkirim: pelanggan | rows=50 | run_id=642
2026-06-09 10:54:32,046 [INFO] Batch terkirim: pelanggan | rows=50 | run_id=643
2026-06-09 10:54:32,361 [INFO] Batch terkirim: pelanggan | rows=50 | run_id=644
2026-06-09 10:54:32,644 [INFO] Batch terkirim: pelanggan | rows=50 | run_id=645
2026-06-09 10:54:33,009 [INFO] Batch terkirim: pelanggan | rows=50 | run_id=646
2026-06-09 10:54:33,333 [INFO] Batch terkirim: pelanggan | rows=50 | run_id=647
2026-06-09 10:54:33,679 [INFO] Batch terkirim: pelanggan | rows=50 | run_id=648
2026-06-09 10:54:33,956 [INFO] Batch terkirim: pelanggan | rows=50 | run_id=649
2026-06-09 10:54:34,394 [INFO] Batch terkirim: pelanggan | rows=50 | run_id=650
2026-06-09 10:54:34,788 [INFO] Batch terkirim: pelanggan | rows=50 | run_id=651
2026-06-09 10:54:35,327 [INFO] Batch terkirim: pelanggan | rows=50 | run_id=652
2026-06-09 10:54:35,704 [INFO] Batch terkirim: pelanggan | rows=50 | run_id=653
2026-06-09 10:54:35,991 [INFO] Batch terkirim: pelanggan | rows=50 | run_id=654
2026-06-09 10:54:36,343 [INFO] Batch terkirim: pelanggan | rows=50 | run_id=655
2026-06-09 10:54:36,560 [INFO] Batch terkirim: pelanggan | rows=50 | run_id=656
2026-06-09 10:54:36,846 [INFO] Batch terkirim: pelanggan | rows=50 | run_id=657
2026-06-09 10:54:37,111 [INFO] Batch terkirim: pelanggan | rows=50 | run_id=658
2026-06-09 10:54:37,458 [INFO] Batch terkirim: pelanggan | rows=50 | run_id=659
2026-06-09 10:54:37,858 [INFO] Batch terkirim: pelanggan | rows=50 | run_id=660
2026-06-09 10:54:38,114 [INFO] Batch terkirim: pelanggan | rows=50 | run_id=661
2026-06-09 10:54:38,527 [INFO] Batch terkirim: pelanggan | rows=50 | run_id=662
2026-06-09 10:54:38,858 [INFO] Batch terkirim: pelanggan | rows=50 | run_id=663
2026-06-09 10:54:39,218 [INFO] Batch terkirim: pelanggan | rows=50 | run_id=664
2026-06-09 10:54:39,459 [INFO] Batch terkirim: pelanggan | rows=50 | run_id=665
2026-06-09 10:54:39,813 [INFO] Batch terkirim: pelanggan | rows=50 | run_id=666
2026-06-09 10:54:40,156 [INFO] Batch terkirim: pelanggan | rows=50 | run_id=667
2026-06-09 10:54:40,542 [INFO] Batch terkirim: pelanggan | rows=50 | run_id=668
2026-06-09 10:54:40,869 [INFO] Batch terkirim: pelanggan | rows=50 | run_id=669
2026-06-09 10:54:41,236 [INFO] Batch terkirim: pelanggan | rows=50 | run_id=670
2026-06-09 10:54:41,511 [INFO] Batch terkirim: pelanggan | rows=50 | run_id=671
2026-06-09 10:54:41,834 [INFO] Batch terkirim: pelanggan | rows=50 | run_id=672
2026-06-09 10:54:42,055 [INFO] Batch terkirim: pelanggan | rows=50 | run_id=673
2026-06-09 10:54:42,249 [INFO] Batch terkirim: pelanggan | rows=50 | run_id=674
2026-06-09 10:54:42,443 [INFO] Batch terkirim: pelanggan | rows=50 | run_id=675
2026-06-09 10:54:42,808 [INFO] Batch terkirim: pelanggan | rows=50 | run_id=676
2026-06-09 10:54:42,994 [INFO] Batch terkirim: pelanggan | rows=50 | run_id=677
2026-06-09 10:54:43,222 [INFO] Batch terkirim: pelanggan | rows=50 | run_id=678
2026-06-09 10:54:43,452 [INFO] Batch terkirim: pelanggan | rows=50 | run_id=679
2026-06-09 10:54:43,729 [INFO] Batch terkirim: pelanggan | rows=50 | run_id=680
2026-06-09 10:54:43,945 [INFO] Batch terkirim: pelanggan | rows=50 | run_id=681
2026-06-09 10:54:44,219 [INFO] Batch terkirim: pelanggan | rows=50 | run_id=682
2026-06-09 10:54:44,504 [INFO] Batch terkirim: pelanggan | rows=50 | run_id=683
2026-06-09 10:54:44,805 [INFO] Batch terkirim: pelanggan | rows=50 | run_id=684
2026-06-09 10:54:45,040 [INFO] Batch terkirim: pelanggan | rows=50 | run_id=685
2026-06-09 10:54:45,215 [INFO] Batch terkirim: pelanggan | rows=50 | run_id=686
2026-06-09 10:54:45,419 [INFO] Batch terkirim: pelanggan | rows=50 | run_id=687
2026-06-09 10:54:45,719 [INFO] Batch terkirim: pelanggan | rows=50 | run_id=688
2026-06-09 10:54:45,954 [INFO] Batch terkirim: pelanggan | rows=50 | run_id=689
2026-06-09 10:54:46,178 [INFO] Batch terkirim: pelanggan | rows=50 | run_id=690
2026-06-09 10:54:46,420 [INFO] Batch terkirim: pelanggan | rows=50 | run_id=691
2026-06-09 10:54:46,758 [INFO] Batch terkirim: pelanggan | rows=50 | run_id=692
2026-06-09 10:54:46,996 [INFO] Batch terkirim: pelanggan | rows=50 | run_id=693
2026-06-09 10:54:47,312 [INFO] Batch terkirim: pelanggan | rows=50 | run_id=694
2026-06-09 10:54:47,689 [INFO] Batch terkirim: pelanggan | rows=50 | run_id=695
2026-06-09 10:54:48,065 [INFO] Batch terkirim: pelanggan | rows=50 | run_id=696
2026-06-09 10:54:48,883 [INFO] Batch terkirim: pelanggan | rows=50 | run_id=697
2026-06-09 10:54:49,259 [INFO] Batch terkirim: pelanggan | rows=50 | run_id=698
2026-06-09 10:54:49,641 [INFO] Batch terkirim: pelanggan | rows=50 | run_id=699
2026-06-09 10:54:50,124 [INFO] Batch terkirim: pelanggan | rows=50 | run_id=700
2026-06-09 10:54:50,511 [INFO] Batch terkirim: pelanggan | rows=50 | run_id=701
2026-06-09 10:54:50,962 [INFO] Batch terkirim: pelanggan | rows=50 | run_id=702
2026-06-09 10:54:51,258 [INFO] Batch terkirim: pelanggan | rows=50 | run_id=703
2026-06-09 10:54:51,843 [INFO] Batch terkirim: pelanggan | rows=50 | run_id=704
2026-06-09 10:54:52,250 [INFO] Batch terkirim: pelanggan | rows=50 | run_id=705
2026-06-09 10:54:52,639 [INFO] Batch terkirim: pelanggan | rows=50 | run_id=706
2026-06-09 10:54:52,893 [INFO] Batch terkirim: pelanggan | rows=50 | run_id=707
2026-06-09 10:54:53,158 [INFO] Batch terkirim: pelanggan | rows=50 | run_id=708
2026-06-09 10:54:53,384 [INFO] Batch terkirim: pelanggan | rows=50 | run_id=709
2026-06-09 10:54:53,607 [INFO] Batch terkirim: pelanggan | rows=50 | run_id=710
2026-06-09 10:54:53,942 [INFO] Batch terkirim: pelanggan | rows=50 | run_id=711
2026-06-09 10:54:54,252 [INFO] Batch terkirim: pelanggan | rows=50 | run_id=712
2026-06-09 10:54:54,472 [INFO] Batch terkirim: pelanggan | rows=50 | run_id=713
2026-06-09 10:54:54,826 [INFO] Batch terkirim: pelanggan | rows=50 | run_id=714
2026-06-09 10:54:55,139 [INFO] Batch terkirim: pelanggan | rows=50 | run_id=715
2026-06-09 10:54:55,535 [INFO] Batch terkirim: pelanggan | rows=50 | run_id=716
2026-06-09 10:54:55,851 [INFO] Batch terkirim: pelanggan | rows=50 | run_id=717
2026-06-09 10:54:56,207 [INFO] Batch terkirim: pelanggan | rows=50 | run_id=718
2026-06-09 10:54:56,568 [INFO] Batch terkirim: pelanggan | rows=50 | run_id=719
2026-06-09 10:54:56,958 [INFO] Batch terkirim: pelanggan | rows=50 | run_id=720
2026-06-09 10:54:57,326 [INFO] Batch terkirim: pelanggan | rows=50 | run_id=721
2026-06-09 10:54:57,672 [INFO] Batch terkirim: pelanggan | rows=50 | run_id=722
2026-06-09 10:54:57,959 [INFO] Batch terkirim: pelanggan | rows=50 | run_id=723
2026-06-09 10:54:58,285 [INFO] Batch terkirim: pelanggan | rows=50 | run_id=724
2026-06-09 10:54:58,612 [INFO] Batch terkirim: pelanggan | rows=50 | run_id=725
2026-06-09 10:54:58,899 [INFO] Batch terkirim: pelanggan | rows=50 | run_id=726
2026-06-09 10:54:59,100 [INFO] Batch terkirim: pelanggan | rows=50 | run_id=727
2026-06-09 10:54:59,369 [INFO] Batch terkirim: pelanggan | rows=50 | run_id=728
2026-06-09 10:54:59,683 [INFO] Batch terkirim: pelanggan | rows=50 | run_id=729
2026-06-09 10:54:59,960 [INFO] Batch terkirim: pelanggan | rows=50 | run_id=730
2026-06-09 10:55:00,260 [INFO] Batch terkirim: pelanggan | rows=50 | run_id=731
2026-06-09 10:55:00,459 [INFO] Batch terkirim: pelanggan | rows=50 | run_id=732
2026-06-09 10:55:00,752 [INFO] Batch terkirim: pelanggan | rows=50 | run_id=733
2026-06-09 10:55:01,123 [INFO] Batch terkirim: pelanggan | rows=50 | run_id=734
2026-06-09 10:55:01,452 [INFO] Batch terkirim: pelanggan | rows=50 | run_id=735
2026-06-09 10:55:01,871 [INFO] Batch terkirim: pelanggan | rows=50 | run_id=736
2026-06-09 10:55:02,214 [INFO] Batch terkirim: pelanggan | rows=50 | run_id=737
2026-06-09 10:55:02,578 [INFO] Batch terkirim: pelanggan | rows=50 | run_id=738
2026-06-09 10:55:03,503 [INFO] Batch terkirim: pelanggan | rows=50 | run_id=739
2026-06-09 10:55:04,171 [INFO] Batch terkirim: pelanggan | rows=50 | run_id=740
2026-06-09 10:55:04,442 [INFO] Batch terkirim: pelanggan | rows=50 | run_id=741
2026-06-09 10:55:04,759 [INFO] Batch terkirim: pelanggan | rows=50 | run_id=742
2026-06-09 10:55:05,034 [INFO] Batch terkirim: pelanggan | rows=50 | run_id=743
2026-06-09 10:55:05,249 [INFO] Batch terkirim: pelanggan | rows=50 | run_id=744
2026-06-09 10:55:05,465 [INFO] Batch terkirim: pelanggan | rows=50 | run_id=745
2026-06-09 10:55:05,772 [INFO] Batch terkirim: pelanggan | rows=50 | run_id=746
2026-06-09 10:55:06,006 [INFO] Batch terkirim: pelanggan | rows=50 | run_id=747
2026-06-09 10:55:06,345 [INFO] Batch terkirim: pelanggan | rows=50 | run_id=748
2026-06-09 10:55:06,769 [INFO] Batch terkirim: pelanggan | rows=50 | run_id=749
2026-06-09 10:55:07,020 [INFO] Batch terkirim: pelanggan | rows=50 | run_id=750
2026-06-09 10:55:07,223 [INFO] Batch terkirim: pelanggan | rows=50 | run_id=751
2026-06-09 10:55:07,446 [INFO] Batch terkirim: pelanggan | rows=50 | run_id=752
2026-06-09 10:55:07,796 [INFO] Batch terkirim: pelanggan | rows=50 | run_id=753
2026-06-09 10:55:08,485 [INFO] Batch terkirim: pelanggan | rows=1 | run_id=754
2026-06-09 10:55:08,589 [INFO] Sync dataset selesai: Master Pelanggan | scanned=37556 sent=34151 skipped=3405 batches=684
2026-06-09 10:55:08,593 [INFO] Sync dataset mulai: Pelanggan & Kendaraan
2026-06-09 10:55:09,987 [INFO] Batch terkirim: kendaraan_pelanggan | rows=50 | run_id=755
2026-06-09 10:55:15,241 [ERROR] Sync gagal: HTTP 422: {'success': False, 'error': "Column 'tahun_buat' cannot be null"}
Traceback (most recent call last):
  File "C:\laragon\www\web-bengkel\aplikasi\aplikasi\tools\access_sync_client\sync_fitmotor_gabung_full.py", line 820, in main
    summary = client.sync_dataset(connection, dataset, sample_limit=args.sample_limit)
              ^^^^^^^^^^^^^^^^^^^^^^^^^^^^^^^^^^^^^^^^^^^^^^^^^^^^^^^^^^^^^^^^^^^^^^^^
  File "C:\laragon\www\web-bengkel\aplikasi\aplikasi\tools\access_sync_client\sync_fitmotor_gabung_full.py", line 660, in sync_dataset
    sent_rows += self._flush_dataset_batch(dataset, changed_rows)
                 ^^^^^^^^^^^^^^^^^^^^^^^^^^^^^^^^^^^^^^^^^^^^^^^^
  File "C:\laragon\www\web-bengkel\aplikasi\aplikasi\tools\access_sync_client\sync_fitmotor_gabung_full.py", line 717, in _flush_dataset_batch
    response = self.api_post(dataset.endpoint, payload)
               ^^^^^^^^^^^^^^^^^^^^^^^^^^^^^^^^^^^^^^^^
  File "C:\laragon\www\web-bengkel\aplikasi\aplikasi\tools\access_sync_client\sync_fitmotor_gabung_full.py", line 557, in api_post
    raise RuntimeError(f"HTTP {response.status_code}: {body}")
RuntimeError: HTTP 422: {'success': False, 'error': "Column 'tahun_buat' cannot be null"}
2026-06-09 10:59:15,639 [INFO] Starting FITMOTOR GABUNG full sync | mode=incremental | machine=FITMOTOR1
2026-06-09 10:59:33,563 [INFO] Preflight OK: 2026-06-09 03:59:24
2026-06-09 10:59:33,606 [INFO] Opening Access MDB: E:\BENGKEL 2.0\FITMOTOR GABUNG.mdb
2026-06-09 11:00:08,234 [INFO] Sync dataset mulai: Master Cabang
2026-06-09 11:00:09,060 [INFO] Sync dataset selesai: Master Cabang | scanned=4 sent=0 skipped=4 batches=0
2026-06-09 11:00:09,061 [INFO] Sync dataset mulai: Master Pelanggan
2026-06-09 11:00:51,554 [INFO] Batch terkirim: pelanggan | rows=8 | run_id=758
2026-06-09 11:00:51,858 [INFO] Sync dataset selesai: Master Pelanggan | scanned=37556 sent=8 skipped=37548 batches=1
2026-06-09 11:00:51,860 [INFO] Sync dataset mulai: Pelanggan & Kendaraan
2026-06-09 11:00:54,666 [ERROR] Sync gagal: HTTP 422: {'success': False, 'error': "Column 'tahun_buat' cannot be null"}
Traceback (most recent call last):
  File "C:\laragon\www\web-bengkel\aplikasi\aplikasi\tools\access_sync_client\sync_fitmotor_gabung_full.py", line 820, in main
    summary = client.sync_dataset(connection, dataset, sample_limit=args.sample_limit)
              ^^^^^^^^^^^^^^^^^^^^^^^^^^^^^^^^^^^^^^^^^^^^^^^^^^^^^^^^^^^^^^^^^^^^^^^^
  File "C:\laragon\www\web-bengkel\aplikasi\aplikasi\tools\access_sync_client\sync_fitmotor_gabung_full.py", line 660, in sync_dataset
    sent_rows += self._flush_dataset_batch(dataset, changed_rows)
                 ^^^^^^^^^^^^^^^^^^^^^^^^^^^^^^^^^^^^^^^^^^^^^^^^
  File "C:\laragon\www\web-bengkel\aplikasi\aplikasi\tools\access_sync_client\sync_fitmotor_gabung_full.py", line 717, in _flush_dataset_batch
    response = self.api_post(dataset.endpoint, payload)
               ^^^^^^^^^^^^^^^^^^^^^^^^^^^^^^^^^^^^^^^^
  File "C:\laragon\www\web-bengkel\aplikasi\aplikasi\tools\access_sync_client\sync_fitmotor_gabung_full.py", line 557, in api_post
    raise RuntimeError(f"HTTP {response.status_code}: {body}")
RuntimeError: HTTP 422: {'success': False, 'error': "Column 'tahun_buat' cannot be null"}
2026-06-09 11:09:05,806 [INFO] Starting FITMOTOR GABUNG full sync | mode=incremental | machine=FITMOTOR1
2026-06-09 11:09:08,026 [INFO] Preflight OK: 2026-06-09 04:09:07
2026-06-09 11:09:08,026 [INFO] Opening Access MDB: E:\BENGKEL 2.0\FITMOTOR GABUNG.mdb
2026-06-09 11:09:13,645 [INFO] Sync dataset mulai: Master Cabang
2026-06-09 11:09:13,894 [INFO] Sync dataset selesai: Master Cabang | scanned=4 sent=0 skipped=4 batches=0
2026-06-09 11:09:13,894 [INFO] Sync dataset mulai: Master Pelanggan
2026-06-09 11:09:44,441 [INFO] Batch terkirim: pelanggan | rows=8 | run_id=774
2026-06-09 11:09:44,545 [INFO] Sync dataset selesai: Master Pelanggan | scanned=37556 sent=8 skipped=37548 batches=1
2026-06-09 11:09:44,546 [INFO] Sync dataset mulai: Pelanggan & Kendaraan
2026-06-09 11:09:45,941 [ERROR] Sync gagal: HTTP 422: {'success': False, 'error': "Column 'tahun_buat' cannot be null"}
Traceback (most recent call last):
  File "C:\laragon\www\web-bengkel\aplikasi\aplikasi\tools\access_sync_client\sync_fitmotor_gabung_full.py", line 940, in main
    summary = client.sync_dataset(connection, dataset, sample_limit=args.sample_limit)
              ^^^^^^^^^^^^^^^^^^^^^^^^^^^^^^^^^^^^^^^^^^^^^^^^^^^^^^^^^^^^^^^^^^^^^^^^
  File "C:\laragon\www\web-bengkel\aplikasi\aplikasi\tools\access_sync_client\sync_fitmotor_gabung_full.py", line 780, in sync_dataset
    sent_rows += self._flush_dataset_batch(dataset, changed_rows)
                 ^^^^^^^^^^^^^^^^^^^^^^^^^^^^^^^^^^^^^^^^^^^^^^^^
  File "C:\laragon\www\web-bengkel\aplikasi\aplikasi\tools\access_sync_client\sync_fitmotor_gabung_full.py", line 837, in _flush_dataset_batch
    response = self.api_post(dataset.endpoint, payload)
               ^^^^^^^^^^^^^^^^^^^^^^^^^^^^^^^^^^^^^^^^
  File "C:\laragon\www\web-bengkel\aplikasi\aplikasi\tools\access_sync_client\sync_fitmotor_gabung_full.py", line 677, in api_post
    raise RuntimeError(f"HTTP {response.status_code}: {body}")
RuntimeError: HTTP 422: {'success': False, 'error': "Column 'tahun_buat' cannot be null"}
2026-06-09 11:12:36,454 [INFO] Starting FITMOTOR GABUNG full sync | mode=full | machine=FITMOTOR1
2026-06-09 11:12:38,662 [INFO] Preflight OK: 2026-06-09 04:12:38
2026-06-09 11:12:38,663 [INFO] Opening Access MDB: E:\BENGKEL 2.0\FITMOTOR GABUNG.mdb
2026-06-09 11:12:40,428 [INFO] Sync dataset mulai: Service
2026-06-09 11:12:40,681 [INFO] Batch terkirim: service | rows=5 | run_id=803
2026-06-09 11:12:40,688 [INFO] Sync dataset selesai: Service | scanned=5 sent=5 skipped=0 batches=1
2026-06-09 11:12:40,688 [INFO] Sync dataset mulai: Service Histori Barang
2026-06-09 11:12:43,031 [INFO] Batch terkirim: service_barang | rows=5 | run_id=804
2026-06-09 11:12:43,038 [INFO] Sync dataset selesai: Service Histori Barang | scanned=5 sent=5 skipped=0 batches=1
2026-06-09 11:12:43,038 [INFO] Sync dataset mulai: Service Histori Jasa
2026-06-09 11:12:44,119 [INFO] Batch terkirim: service_jasa | rows=5 | run_id=805
2026-06-09 11:12:44,135 [INFO] Sync dataset selesai: Service Histori Jasa | scanned=5 sent=5 skipped=0 batches=1
2026-06-09 11:12:44,136 [INFO] Sync dataset mulai: Service Advisor
2026-06-09 11:12:44,540 [ERROR] Sync gagal: ('HY000', "[HY000] [Microsoft][ODBC Microsoft Access Driver] Circular reference caused by alias 'advisor' in query definition's SELECT list. (-3005) (SQLExecDirectW)")
Traceback (most recent call last):
  File "C:\laragon\www\web-bengkel\aplikasi\aplikasi\tools\access_sync_client\sync_fitmotor_gabung_full.py", line 940, in main
    summary = client.sync_dataset(connection, dataset, sample_limit=args.sample_limit)
              ^^^^^^^^^^^^^^^^^^^^^^^^^^^^^^^^^^^^^^^^^^^^^^^^^^^^^^^^^^^^^^^^^^^^^^^^
  File "C:\laragon\www\web-bengkel\aplikasi\aplikasi\tools\access_sync_client\sync_fitmotor_gabung_full.py", line 757, in sync_dataset
    for row in self.iter_access_rows(conn, dataset):
  File "C:\laragon\www\web-bengkel\aplikasi\aplikasi\tools\access_sync_client\sync_fitmotor_gabung_full.py", line 717, in iter_access_rows
    cursor.execute(dataset.sql)
pyodbc.Error: ('HY000', "[HY000] [Microsoft][ODBC Microsoft Access Driver] Circular reference caused by alias 'advisor' in query definition's SELECT list. (-3005) (SQLExecDirectW)")
2026-06-09 11:13:32,535 [INFO] Starting FITMOTOR GABUNG full sync | mode=full | machine=FITMOTOR1
2026-06-09 11:13:35,176 [INFO] Preflight OK: 2026-06-09 04:13:35
2026-06-09 11:13:35,176 [INFO] Opening Access MDB: E:\BENGKEL 2.0\FITMOTOR GABUNG.mdb
2026-06-09 11:13:36,266 [INFO] Sync dataset mulai: Service
2026-06-09 11:13:36,618 [INFO] Batch terkirim: service | rows=5 | run_id=807
2026-06-09 11:13:36,645 [INFO] Sync dataset selesai: Service | scanned=5 sent=5 skipped=0 batches=1
2026-06-09 11:13:36,645 [INFO] Sync dataset mulai: Service Histori Barang
2026-06-09 11:13:38,708 [INFO] Batch terkirim: service_barang | rows=5 | run_id=808
2026-06-09 11:13:38,715 [INFO] Sync dataset selesai: Service Histori Barang | scanned=5 sent=5 skipped=0 batches=1
2026-06-09 11:13:38,715 [INFO] Sync dataset mulai: Service Histori Jasa
2026-06-09 11:13:40,487 [INFO] Batch terkirim: service_jasa | rows=5 | run_id=809
2026-06-09 11:13:40,497 [INFO] Sync dataset selesai: Service Histori Jasa | scanned=5 sent=5 skipped=0 batches=1
2026-06-09 11:13:40,497 [INFO] Sync dataset mulai: Service Advisor
2026-06-09 11:13:40,652 [INFO] Batch terkirim: service_advisor | rows=5 | run_id=810
2026-06-09 11:13:40,662 [INFO] Sync dataset selesai: Service Advisor | scanned=5 sent=5 skipped=0 batches=1
2026-06-09 11:13:41,075 [INFO] Semua dataset selesai | total_scanned=20 | total_sent=20
2026-06-09 11:19:04,750 [INFO] Starting FITMOTOR GABUNG full sync | mode=incremental | machine=FITMOTOR1
2026-06-09 11:19:07,011 [INFO] Preflight OK: 2026-06-09 04:19:06
2026-06-09 11:19:07,012 [INFO] Opening Access MDB: E:\BENGKEL 2.0\FITMOTOR GABUNG.mdb
2026-06-09 11:19:08,412 [INFO] Sync dataset mulai: Master Cabang
2026-06-09 11:19:08,475 [INFO] Sync dataset selesai: Master Cabang | scanned=4 sent=0 skipped=4 batches=0
2026-06-09 11:19:08,475 [INFO] Sync dataset mulai: Master Pelanggan
2026-06-09 11:19:17,552 [INFO] Batch terkirim: pelanggan | rows=8 | run_id=812
2026-06-09 11:19:17,564 [INFO] Sync dataset selesai: Master Pelanggan | scanned=37556 sent=8 skipped=37548 batches=1
2026-06-09 11:19:17,564 [INFO] Sync dataset mulai: Pelanggan & Kendaraan
2026-06-09 11:19:18,354 [ERROR] Sync gagal: HTTP 422: {'success': False, 'error': "Column 'tahun_buat' cannot be null"}
Traceback (most recent call last):
  File "C:\laragon\www\web-bengkel\aplikasi\aplikasi\tools\access_sync_client\sync_fitmotor_gabung_full.py", line 941, in main
    summary = client.sync_dataset(connection, dataset, sample_limit=args.sample_limit)
              ^^^^^^^^^^^^^^^^^^^^^^^^^^^^^^^^^^^^^^^^^^^^^^^^^^^^^^^^^^^^^^^^^^^^^^^^
  File "C:\laragon\www\web-bengkel\aplikasi\aplikasi\tools\access_sync_client\sync_fitmotor_gabung_full.py", line 781, in sync_dataset
    sent_rows += self._flush_dataset_batch(dataset, changed_rows)
                 ^^^^^^^^^^^^^^^^^^^^^^^^^^^^^^^^^^^^^^^^^^^^^^^^
  File "C:\laragon\www\web-bengkel\aplikasi\aplikasi\tools\access_sync_client\sync_fitmotor_gabung_full.py", line 838, in _flush_dataset_batch
    response = self.api_post(dataset.endpoint, payload)
               ^^^^^^^^^^^^^^^^^^^^^^^^^^^^^^^^^^^^^^^^
  File "C:\laragon\www\web-bengkel\aplikasi\aplikasi\tools\access_sync_client\sync_fitmotor_gabung_full.py", line 678, in api_post
    raise RuntimeError(f"HTTP {response.status_code}: {body}")
RuntimeError: HTTP 422: {'success': False, 'error': "Column 'tahun_buat' cannot be null"}
2026-06-09 11:29:06,102 [INFO] Starting FITMOTOR GABUNG full sync | mode=incremental | machine=FITMOTOR1
2026-06-09 11:29:08,401 [INFO] Preflight OK: 2026-06-09 04:29:08
2026-06-09 11:29:08,402 [INFO] Opening Access MDB: E:\BENGKEL 2.0\FITMOTOR GABUNG.mdb
2026-06-09 11:29:10,081 [INFO] Sync dataset mulai: Master Cabang
2026-06-09 11:29:10,185 [INFO] Sync dataset selesai: Master Cabang | scanned=4 sent=0 skipped=4 batches=0
2026-06-09 11:29:10,186 [INFO] Sync dataset mulai: Master Pelanggan
2026-06-09 11:29:21,586 [INFO] Batch terkirim: pelanggan | rows=8 | run_id=815
2026-06-09 11:29:21,618 [INFO] Sync dataset selesai: Master Pelanggan | scanned=37556 sent=8 skipped=37548 batches=1
2026-06-09 11:29:21,619 [INFO] Sync dataset mulai: Pelanggan & Kendaraan
2026-06-09 11:29:22,931 [ERROR] Sync gagal: HTTP 422: {'success': False, 'error': "Column 'tahun_buat' cannot be null"}
Traceback (most recent call last):
  File "C:\laragon\www\web-bengkel\aplikasi\aplikasi\tools\access_sync_client\sync_fitmotor_gabung_full.py", line 941, in main
    summary = client.sync_dataset(connection, dataset, sample_limit=args.sample_limit)
              ^^^^^^^^^^^^^^^^^^^^^^^^^^^^^^^^^^^^^^^^^^^^^^^^^^^^^^^^^^^^^^^^^^^^^^^^
  File "C:\laragon\www\web-bengkel\aplikasi\aplikasi\tools\access_sync_client\sync_fitmotor_gabung_full.py", line 781, in sync_dataset
    sent_rows += self._flush_dataset_batch(dataset, changed_rows)
                 ^^^^^^^^^^^^^^^^^^^^^^^^^^^^^^^^^^^^^^^^^^^^^^^^
  File "C:\laragon\www\web-bengkel\aplikasi\aplikasi\tools\access_sync_client\sync_fitmotor_gabung_full.py", line 838, in _flush_dataset_batch
    response = self.api_post(dataset.endpoint, payload)
               ^^^^^^^^^^^^^^^^^^^^^^^^^^^^^^^^^^^^^^^^
  File "C:\laragon\www\web-bengkel\aplikasi\aplikasi\tools\access_sync_client\sync_fitmotor_gabung_full.py", line 678, in api_post
    raise RuntimeError(f"HTTP {response.status_code}: {body}")
RuntimeError: HTTP 422: {'success': False, 'error': "Column 'tahun_buat' cannot be null"}
2026-06-09 11:39:04,912 [INFO] Starting FITMOTOR GABUNG full sync | mode=incremental | machine=FITMOTOR1
2026-06-09 11:39:07,269 [INFO] Preflight OK: 2026-06-09 04:39:07
2026-06-09 11:39:07,270 [INFO] Opening Access MDB: E:\BENGKEL 2.0\FITMOTOR GABUNG.mdb
2026-06-09 11:39:08,469 [INFO] Sync dataset mulai: Master Cabang
2026-06-09 11:39:08,521 [INFO] Sync dataset selesai: Master Cabang | scanned=4 sent=0 skipped=4 batches=0
2026-06-09 11:39:08,521 [INFO] Sync dataset mulai: Master Pelanggan
2026-06-09 11:39:17,074 [INFO] Batch terkirim: pelanggan | rows=8 | run_id=818
2026-06-09 11:39:17,082 [INFO] Sync dataset selesai: Master Pelanggan | scanned=37556 sent=8 skipped=37548 batches=1
2026-06-09 11:39:17,082 [INFO] Sync dataset mulai: Pelanggan & Kendaraan
2026-06-09 11:39:17,851 [ERROR] Sync gagal: HTTP 422: {'success': False, 'error': "Column 'tahun_buat' cannot be null"}
Traceback (most recent call last):
  File "C:\laragon\www\web-bengkel\aplikasi\aplikasi\tools\access_sync_client\sync_fitmotor_gabung_full.py", line 941, in main
    summary = client.sync_dataset(connection, dataset, sample_limit=args.sample_limit)
              ^^^^^^^^^^^^^^^^^^^^^^^^^^^^^^^^^^^^^^^^^^^^^^^^^^^^^^^^^^^^^^^^^^^^^^^^
  File "C:\laragon\www\web-bengkel\aplikasi\aplikasi\tools\access_sync_client\sync_fitmotor_gabung_full.py", line 781, in sync_dataset
    sent_rows += self._flush_dataset_batch(dataset, changed_rows)
                 ^^^^^^^^^^^^^^^^^^^^^^^^^^^^^^^^^^^^^^^^^^^^^^^^
  File "C:\laragon\www\web-bengkel\aplikasi\aplikasi\tools\access_sync_client\sync_fitmotor_gabung_full.py", line 838, in _flush_dataset_batch
    response = self.api_post(dataset.endpoint, payload)
               ^^^^^^^^^^^^^^^^^^^^^^^^^^^^^^^^^^^^^^^^
  File "C:\laragon\www\web-bengkel\aplikasi\aplikasi\tools\access_sync_client\sync_fitmotor_gabung_full.py", line 678, in api_post
    raise RuntimeError(f"HTTP {response.status_code}: {body}")
RuntimeError: HTTP 422: {'success': False, 'error': "Column 'tahun_buat' cannot be null"}
2026-06-09 11:49:06,375 [INFO] Starting FITMOTOR GABUNG full sync | mode=incremental | machine=FITMOTOR1
2026-06-09 11:49:08,996 [INFO] Preflight OK: 2026-06-09 04:49:08
2026-06-09 11:49:08,997 [INFO] Opening Access MDB: E:\BENGKEL 2.0\FITMOTOR GABUNG.mdb
2026-06-09 11:49:10,306 [INFO] Sync dataset mulai: Master Cabang
2026-06-09 11:49:10,405 [INFO] Sync dataset selesai: Master Cabang | scanned=4 sent=0 skipped=4 batches=0
2026-06-09 11:49:10,406 [INFO] Sync dataset mulai: Master Pelanggan
2026-06-09 11:49:23,249 [INFO] Batch terkirim: pelanggan | rows=8 | run_id=821
2026-06-09 11:49:23,286 [INFO] Sync dataset selesai: Master Pelanggan | scanned=37556 sent=8 skipped=37548 batches=1
2026-06-09 11:49:23,287 [INFO] Sync dataset mulai: Pelanggan & Kendaraan
2026-06-09 11:49:24,309 [ERROR] Sync gagal: HTTP 422: {'success': False, 'error': "Column 'tahun_buat' cannot be null"}
Traceback (most recent call last):
  File "C:\laragon\www\web-bengkel\aplikasi\aplikasi\tools\access_sync_client\sync_fitmotor_gabung_full.py", line 941, in main
    summary = client.sync_dataset(connection, dataset, sample_limit=args.sample_limit)
              ^^^^^^^^^^^^^^^^^^^^^^^^^^^^^^^^^^^^^^^^^^^^^^^^^^^^^^^^^^^^^^^^^^^^^^^^
  File "C:\laragon\www\web-bengkel\aplikasi\aplikasi\tools\access_sync_client\sync_fitmotor_gabung_full.py", line 781, in sync_dataset
    sent_rows += self._flush_dataset_batch(dataset, changed_rows)
                 ^^^^^^^^^^^^^^^^^^^^^^^^^^^^^^^^^^^^^^^^^^^^^^^^
  File "C:\laragon\www\web-bengkel\aplikasi\aplikasi\tools\access_sync_client\sync_fitmotor_gabung_full.py", line 838, in _flush_dataset_batch
    response = self.api_post(dataset.endpoint, payload)
               ^^^^^^^^^^^^^^^^^^^^^^^^^^^^^^^^^^^^^^^^
  File "C:\laragon\www\web-bengkel\aplikasi\aplikasi\tools\access_sync_client\sync_fitmotor_gabung_full.py", line 678, in api_post
    raise RuntimeError(f"HTTP {response.status_code}: {body}")
RuntimeError: HTTP 422: {'success': False, 'error': "Column 'tahun_buat' cannot be null"}
2026-06-09 11:59:04,868 [INFO] Starting FITMOTOR GABUNG full sync | mode=incremental | machine=FITMOTOR1
2026-06-09 11:59:07,373 [INFO] Preflight OK: 2026-06-09 04:59:07
2026-06-09 11:59:07,374 [INFO] Opening Access MDB: E:\BENGKEL 2.0\FITMOTOR GABUNG.mdb
2026-06-09 11:59:09,494 [INFO] Sync dataset mulai: Master Cabang
2026-06-09 11:59:09,707 [INFO] Sync dataset selesai: Master Cabang | scanned=4 sent=0 skipped=4 batches=0
2026-06-09 11:59:09,707 [INFO] Sync dataset mulai: Master Pelanggan
2026-06-09 11:59:23,076 [INFO] Batch terkirim: pelanggan | rows=8 | run_id=824
2026-06-09 11:59:23,135 [INFO] Sync dataset selesai: Master Pelanggan | scanned=37556 sent=8 skipped=37548 batches=1
2026-06-09 11:59:23,136 [INFO] Sync dataset mulai: Pelanggan & Kendaraan
2026-06-09 11:59:24,423 [ERROR] Sync gagal: HTTP 422: {'success': False, 'error': "Column 'tahun_buat' cannot be null"}
Traceback (most recent call last):
  File "C:\laragon\www\web-bengkel\aplikasi\aplikasi\tools\access_sync_client\sync_fitmotor_gabung_full.py", line 941, in main
    summary = client.sync_dataset(connection, dataset, sample_limit=args.sample_limit)
              ^^^^^^^^^^^^^^^^^^^^^^^^^^^^^^^^^^^^^^^^^^^^^^^^^^^^^^^^^^^^^^^^^^^^^^^^
  File "C:\laragon\www\web-bengkel\aplikasi\aplikasi\tools\access_sync_client\sync_fitmotor_gabung_full.py", line 781, in sync_dataset
    sent_rows += self._flush_dataset_batch(dataset, changed_rows)
                 ^^^^^^^^^^^^^^^^^^^^^^^^^^^^^^^^^^^^^^^^^^^^^^^^
  File "C:\laragon\www\web-bengkel\aplikasi\aplikasi\tools\access_sync_client\sync_fitmotor_gabung_full.py", line 838, in _flush_dataset_batch
    response = self.api_post(dataset.endpoint, payload)
               ^^^^^^^^^^^^^^^^^^^^^^^^^^^^^^^^^^^^^^^^
  File "C:\laragon\www\web-bengkel\aplikasi\aplikasi\tools\access_sync_client\sync_fitmotor_gabung_full.py", line 678, in api_post
    raise RuntimeError(f"HTTP {response.status_code}: {body}")
RuntimeError: HTTP 422: {'success': False, 'error': "Column 'tahun_buat' cannot be null"}
2026-06-09 12:09:04,972 [INFO] Starting FITMOTOR GABUNG full sync | mode=incremental | machine=FITMOTOR1
2026-06-09 12:09:07,493 [INFO] Preflight OK: 2026-06-09 05:09:07
2026-06-09 12:09:07,495 [INFO] Opening Access MDB: E:\BENGKEL 2.0\FITMOTOR GABUNG.mdb
2026-06-09 12:09:08,606 [INFO] Sync dataset mulai: Master Cabang
2026-06-09 12:09:08,689 [INFO] Sync dataset selesai: Master Cabang | scanned=4 sent=0 skipped=4 batches=0
2026-06-09 12:09:08,689 [INFO] Sync dataset mulai: Master Pelanggan
2026-06-09 12:09:18,562 [INFO] Batch terkirim: pelanggan | rows=8 | run_id=827
2026-06-09 12:09:18,607 [INFO] Sync dataset selesai: Master Pelanggan | scanned=37556 sent=8 skipped=37548 batches=1
2026-06-09 12:09:18,607 [INFO] Sync dataset mulai: Pelanggan & Kendaraan
2026-06-09 12:09:19,488 [ERROR] Sync gagal: HTTP 422: {'success': False, 'error': "Column 'tahun_buat' cannot be null"}
Traceback (most recent call last):
  File "C:\laragon\www\web-bengkel\aplikasi\aplikasi\tools\access_sync_client\sync_fitmotor_gabung_full.py", line 941, in main
    summary = client.sync_dataset(connection, dataset, sample_limit=args.sample_limit)
              ^^^^^^^^^^^^^^^^^^^^^^^^^^^^^^^^^^^^^^^^^^^^^^^^^^^^^^^^^^^^^^^^^^^^^^^^
  File "C:\laragon\www\web-bengkel\aplikasi\aplikasi\tools\access_sync_client\sync_fitmotor_gabung_full.py", line 781, in sync_dataset
    sent_rows += self._flush_dataset_batch(dataset, changed_rows)
                 ^^^^^^^^^^^^^^^^^^^^^^^^^^^^^^^^^^^^^^^^^^^^^^^^
  File "C:\laragon\www\web-bengkel\aplikasi\aplikasi\tools\access_sync_client\sync_fitmotor_gabung_full.py", line 838, in _flush_dataset_batch
    response = self.api_post(dataset.endpoint, payload)
               ^^^^^^^^^^^^^^^^^^^^^^^^^^^^^^^^^^^^^^^^
  File "C:\laragon\www\web-bengkel\aplikasi\aplikasi\tools\access_sync_client\sync_fitmotor_gabung_full.py", line 678, in api_post
    raise RuntimeError(f"HTTP {response.status_code}: {body}")
RuntimeError: HTTP 422: {'success': False, 'error': "Column 'tahun_buat' cannot be null"}
2026-06-09 12:19:04,223 [INFO] Starting FITMOTOR GABUNG full sync | mode=incremental | machine=FITMOTOR1
2026-06-09 12:19:06,584 [INFO] Preflight OK: 2026-06-09 05:19:06
2026-06-09 12:19:06,584 [INFO] Opening Access MDB: E:\BENGKEL 2.0\FITMOTOR GABUNG.mdb
2026-06-09 12:19:07,269 [INFO] Sync dataset mulai: Master Cabang
2026-06-09 12:19:07,384 [INFO] Sync dataset selesai: Master Cabang | scanned=4 sent=0 skipped=4 batches=0
2026-06-09 12:19:07,384 [INFO] Sync dataset mulai: Master Pelanggan
2026-06-09 12:19:14,855 [INFO] Batch terkirim: pelanggan | rows=8 | run_id=830
2026-06-09 12:19:14,876 [INFO] Sync dataset selesai: Master Pelanggan | scanned=37556 sent=8 skipped=37548 batches=1
2026-06-09 12:19:14,876 [INFO] Sync dataset mulai: Pelanggan & Kendaraan
2026-06-09 12:19:15,464 [ERROR] Sync gagal: HTTP 422: {'success': False, 'error': "Column 'tahun_buat' cannot be null"}
Traceback (most recent call last):
  File "C:\laragon\www\web-bengkel\aplikasi\aplikasi\tools\access_sync_client\sync_fitmotor_gabung_full.py", line 941, in main
    summary = client.sync_dataset(connection, dataset, sample_limit=args.sample_limit)
              ^^^^^^^^^^^^^^^^^^^^^^^^^^^^^^^^^^^^^^^^^^^^^^^^^^^^^^^^^^^^^^^^^^^^^^^^
  File "C:\laragon\www\web-bengkel\aplikasi\aplikasi\tools\access_sync_client\sync_fitmotor_gabung_full.py", line 781, in sync_dataset
    sent_rows += self._flush_dataset_batch(dataset, changed_rows)
                 ^^^^^^^^^^^^^^^^^^^^^^^^^^^^^^^^^^^^^^^^^^^^^^^^
  File "C:\laragon\www\web-bengkel\aplikasi\aplikasi\tools\access_sync_client\sync_fitmotor_gabung_full.py", line 838, in _flush_dataset_batch
    response = self.api_post(dataset.endpoint, payload)
               ^^^^^^^^^^^^^^^^^^^^^^^^^^^^^^^^^^^^^^^^
  File "C:\laragon\www\web-bengkel\aplikasi\aplikasi\tools\access_sync_client\sync_fitmotor_gabung_full.py", line 678, in api_post
    raise RuntimeError(f"HTTP {response.status_code}: {body}")
RuntimeError: HTTP 422: {'success': False, 'error': "Column 'tahun_buat' cannot be null"}
2026-06-09 12:39:08,493 [INFO] Starting FITMOTOR GABUNG full sync | mode=incremental | machine=FITMOTOR1
2026-06-09 12:39:11,198 [INFO] Preflight OK: 2026-06-09 05:39:11
2026-06-09 12:39:11,199 [INFO] Opening Access MDB: E:\BENGKEL 2.0\FITMOTOR GABUNG.mdb
2026-06-09 12:39:12,280 [INFO] Sync dataset mulai: Master Cabang
2026-06-09 12:39:12,320 [INFO] Sync dataset selesai: Master Cabang | scanned=4 sent=0 skipped=4 batches=0
2026-06-09 12:39:12,320 [INFO] Sync dataset mulai: Master Pelanggan
2026-06-09 12:39:27,872 [INFO] Batch terkirim: pelanggan | rows=8 | run_id=833
2026-06-09 12:39:27,955 [INFO] Sync dataset selesai: Master Pelanggan | scanned=37556 sent=8 skipped=37548 batches=1
2026-06-09 12:39:27,955 [INFO] Sync dataset mulai: Pelanggan & Kendaraan
2026-06-09 12:39:29,372 [ERROR] Sync gagal: HTTP 422: {'success': False, 'error': "Column 'tahun_buat' cannot be null"}
Traceback (most recent call last):
  File "C:\laragon\www\web-bengkel\aplikasi\aplikasi\tools\access_sync_client\sync_fitmotor_gabung_full.py", line 941, in main
    summary = client.sync_dataset(connection, dataset, sample_limit=args.sample_limit)
              ^^^^^^^^^^^^^^^^^^^^^^^^^^^^^^^^^^^^^^^^^^^^^^^^^^^^^^^^^^^^^^^^^^^^^^^^
  File "C:\laragon\www\web-bengkel\aplikasi\aplikasi\tools\access_sync_client\sync_fitmotor_gabung_full.py", line 781, in sync_dataset
    sent_rows += self._flush_dataset_batch(dataset, changed_rows)
                 ^^^^^^^^^^^^^^^^^^^^^^^^^^^^^^^^^^^^^^^^^^^^^^^^
  File "C:\laragon\www\web-bengkel\aplikasi\aplikasi\tools\access_sync_client\sync_fitmotor_gabung_full.py", line 838, in _flush_dataset_batch
    response = self.api_post(dataset.endpoint, payload)
               ^^^^^^^^^^^^^^^^^^^^^^^^^^^^^^^^^^^^^^^^
  File "C:\laragon\www\web-bengkel\aplikasi\aplikasi\tools\access_sync_client\sync_fitmotor_gabung_full.py", line 678, in api_post
    raise RuntimeError(f"HTTP {response.status_code}: {body}")
RuntimeError: HTTP 422: {'success': False, 'error': "Column 'tahun_buat' cannot be null"}
2026-06-09 12:49:04,688 [INFO] Starting FITMOTOR GABUNG full sync | mode=incremental | machine=FITMOTOR1
2026-06-09 12:49:07,050 [INFO] Preflight OK: 2026-06-09 05:49:07
2026-06-09 12:49:07,050 [INFO] Opening Access MDB: E:\BENGKEL 2.0\FITMOTOR GABUNG.mdb
2026-06-09 12:49:12,768 [INFO] Sync dataset mulai: Master Cabang
2026-06-09 12:49:12,914 [INFO] Sync dataset selesai: Master Cabang | scanned=4 sent=0 skipped=4 batches=0
2026-06-09 12:49:12,914 [INFO] Sync dataset mulai: Master Pelanggan
2026-06-09 12:49:24,785 [INFO] Batch terkirim: pelanggan | rows=8 | run_id=836
2026-06-09 12:49:24,794 [INFO] Sync dataset selesai: Master Pelanggan | scanned=37556 sent=8 skipped=37548 batches=1
2026-06-09 12:49:24,794 [INFO] Sync dataset mulai: Pelanggan & Kendaraan
2026-06-09 12:49:26,041 [ERROR] Sync gagal: HTTP 422: {'success': False, 'error': "Column 'tahun_buat' cannot be null"}
Traceback (most recent call last):
  File "C:\laragon\www\web-bengkel\aplikasi\aplikasi\tools\access_sync_client\sync_fitmotor_gabung_full.py", line 941, in main
    summary = client.sync_dataset(connection, dataset, sample_limit=args.sample_limit)
              ^^^^^^^^^^^^^^^^^^^^^^^^^^^^^^^^^^^^^^^^^^^^^^^^^^^^^^^^^^^^^^^^^^^^^^^^
  File "C:\laragon\www\web-bengkel\aplikasi\aplikasi\tools\access_sync_client\sync_fitmotor_gabung_full.py", line 781, in sync_dataset
    sent_rows += self._flush_dataset_batch(dataset, changed_rows)
                 ^^^^^^^^^^^^^^^^^^^^^^^^^^^^^^^^^^^^^^^^^^^^^^^^
  File "C:\laragon\www\web-bengkel\aplikasi\aplikasi\tools\access_sync_client\sync_fitmotor_gabung_full.py", line 838, in _flush_dataset_batch
    response = self.api_post(dataset.endpoint, payload)
               ^^^^^^^^^^^^^^^^^^^^^^^^^^^^^^^^^^^^^^^^
  File "C:\laragon\www\web-bengkel\aplikasi\aplikasi\tools\access_sync_client\sync_fitmotor_gabung_full.py", line 678, in api_post
    raise RuntimeError(f"HTTP {response.status_code}: {body}")
RuntimeError: HTTP 422: {'success': False, 'error': "Column 'tahun_buat' cannot be null"}
2026-06-09 12:59:03,855 [INFO] Starting FITMOTOR GABUNG full sync | mode=incremental | machine=FITMOTOR1
2026-06-09 12:59:06,239 [INFO] Preflight OK: 2026-06-09 05:59:06
2026-06-09 12:59:06,240 [INFO] Opening Access MDB: E:\BENGKEL 2.0\FITMOTOR GABUNG.mdb
2026-06-09 12:59:07,061 [INFO] Sync dataset mulai: Master Cabang
2026-06-09 12:59:07,120 [INFO] Sync dataset selesai: Master Cabang | scanned=4 sent=0 skipped=4 batches=0
2026-06-09 12:59:07,121 [INFO] Sync dataset mulai: Master Pelanggan
2026-06-09 12:59:15,171 [INFO] Batch terkirim: pelanggan | rows=8 | run_id=839
2026-06-09 12:59:15,179 [INFO] Sync dataset selesai: Master Pelanggan | scanned=37556 sent=8 skipped=37548 batches=1
2026-06-09 12:59:15,180 [INFO] Sync dataset mulai: Pelanggan & Kendaraan
2026-06-09 12:59:16,202 [ERROR] Sync gagal: HTTP 422: {'success': False, 'error': "Column 'tahun_buat' cannot be null"}
Traceback (most recent call last):
  File "C:\laragon\www\web-bengkel\aplikasi\aplikasi\tools\access_sync_client\sync_fitmotor_gabung_full.py", line 941, in main
    summary = client.sync_dataset(connection, dataset, sample_limit=args.sample_limit)
              ^^^^^^^^^^^^^^^^^^^^^^^^^^^^^^^^^^^^^^^^^^^^^^^^^^^^^^^^^^^^^^^^^^^^^^^^
  File "C:\laragon\www\web-bengkel\aplikasi\aplikasi\tools\access_sync_client\sync_fitmotor_gabung_full.py", line 781, in sync_dataset
    sent_rows += self._flush_dataset_batch(dataset, changed_rows)
                 ^^^^^^^^^^^^^^^^^^^^^^^^^^^^^^^^^^^^^^^^^^^^^^^^
  File "C:\laragon\www\web-bengkel\aplikasi\aplikasi\tools\access_sync_client\sync_fitmotor_gabung_full.py", line 838, in _flush_dataset_batch
    response = self.api_post(dataset.endpoint, payload)
               ^^^^^^^^^^^^^^^^^^^^^^^^^^^^^^^^^^^^^^^^
  File "C:\laragon\www\web-bengkel\aplikasi\aplikasi\tools\access_sync_client\sync_fitmotor_gabung_full.py", line 678, in api_post
    raise RuntimeError(f"HTTP {response.status_code}: {body}")
RuntimeError: HTTP 422: {'success': False, 'error': "Column 'tahun_buat' cannot be null"}
2026-06-09 13:09:04,355 [INFO] Starting FITMOTOR GABUNG full sync | mode=incremental | machine=FITMOTOR1
2026-06-09 13:09:06,830 [INFO] Preflight OK: 2026-06-09 06:09:06
2026-06-09 13:09:06,830 [INFO] Opening Access MDB: E:\BENGKEL 2.0\FITMOTOR GABUNG.mdb
2026-06-09 13:09:08,316 [INFO] Sync dataset mulai: Master Cabang
2026-06-09 13:09:08,386 [INFO] Sync dataset selesai: Master Cabang | scanned=4 sent=0 skipped=4 batches=0
2026-06-09 13:09:08,387 [INFO] Sync dataset mulai: Master Pelanggan
2026-06-09 13:09:17,112 [INFO] Batch terkirim: pelanggan | rows=8 | run_id=842
2026-06-09 13:09:17,127 [INFO] Sync dataset selesai: Master Pelanggan | scanned=37556 sent=8 skipped=37548 batches=1
2026-06-09 13:09:17,129 [INFO] Sync dataset mulai: Pelanggan & Kendaraan
2026-06-09 13:09:17,803 [ERROR] Sync gagal: HTTP 422: {'success': False, 'error': "Column 'tahun_buat' cannot be null"}
Traceback (most recent call last):
  File "C:\laragon\www\web-bengkel\aplikasi\aplikasi\tools\access_sync_client\sync_fitmotor_gabung_full.py", line 941, in main
    summary = client.sync_dataset(connection, dataset, sample_limit=args.sample_limit)
              ^^^^^^^^^^^^^^^^^^^^^^^^^^^^^^^^^^^^^^^^^^^^^^^^^^^^^^^^^^^^^^^^^^^^^^^^
  File "C:\laragon\www\web-bengkel\aplikasi\aplikasi\tools\access_sync_client\sync_fitmotor_gabung_full.py", line 781, in sync_dataset
    sent_rows += self._flush_dataset_batch(dataset, changed_rows)
                 ^^^^^^^^^^^^^^^^^^^^^^^^^^^^^^^^^^^^^^^^^^^^^^^^
  File "C:\laragon\www\web-bengkel\aplikasi\aplikasi\tools\access_sync_client\sync_fitmotor_gabung_full.py", line 838, in _flush_dataset_batch
    response = self.api_post(dataset.endpoint, payload)
               ^^^^^^^^^^^^^^^^^^^^^^^^^^^^^^^^^^^^^^^^
  File "C:\laragon\www\web-bengkel\aplikasi\aplikasi\tools\access_sync_client\sync_fitmotor_gabung_full.py", line 678, in api_post
    raise RuntimeError(f"HTTP {response.status_code}: {body}")
RuntimeError: HTTP 422: {'success': False, 'error': "Column 'tahun_buat' cannot be null"}
2026-06-09 13:19:03,952 [INFO] Starting FITMOTOR GABUNG full sync | mode=incremental | machine=FITMOTOR1
2026-06-09 13:19:06,118 [INFO] Preflight OK: 2026-06-09 06:19:06
2026-06-09 13:19:06,118 [INFO] Opening Access MDB: E:\BENGKEL 2.0\FITMOTOR GABUNG.mdb
2026-06-09 13:19:06,819 [INFO] Sync dataset mulai: Master Cabang
2026-06-09 13:19:06,854 [INFO] Sync dataset selesai: Master Cabang | scanned=4 sent=0 skipped=4 batches=0
2026-06-09 13:19:06,855 [INFO] Sync dataset mulai: Master Pelanggan
2026-06-09 13:19:14,860 [INFO] Batch terkirim: pelanggan | rows=8 | run_id=845
2026-06-09 13:19:14,867 [INFO] Sync dataset selesai: Master Pelanggan | scanned=37556 sent=8 skipped=37548 batches=1
2026-06-09 13:19:14,867 [INFO] Sync dataset mulai: Pelanggan & Kendaraan
2026-06-09 13:19:15,474 [ERROR] Sync gagal: HTTP 422: {'success': False, 'error': "Column 'tahun_buat' cannot be null"}
Traceback (most recent call last):
  File "C:\laragon\www\web-bengkel\aplikasi\aplikasi\tools\access_sync_client\sync_fitmotor_gabung_full.py", line 941, in main
    summary = client.sync_dataset(connection, dataset, sample_limit=args.sample_limit)
              ^^^^^^^^^^^^^^^^^^^^^^^^^^^^^^^^^^^^^^^^^^^^^^^^^^^^^^^^^^^^^^^^^^^^^^^^
  File "C:\laragon\www\web-bengkel\aplikasi\aplikasi\tools\access_sync_client\sync_fitmotor_gabung_full.py", line 781, in sync_dataset
    sent_rows += self._flush_dataset_batch(dataset, changed_rows)
                 ^^^^^^^^^^^^^^^^^^^^^^^^^^^^^^^^^^^^^^^^^^^^^^^^
  File "C:\laragon\www\web-bengkel\aplikasi\aplikasi\tools\access_sync_client\sync_fitmotor_gabung_full.py", line 838, in _flush_dataset_batch
    response = self.api_post(dataset.endpoint, payload)
               ^^^^^^^^^^^^^^^^^^^^^^^^^^^^^^^^^^^^^^^^
  File "C:\laragon\www\web-bengkel\aplikasi\aplikasi\tools\access_sync_client\sync_fitmotor_gabung_full.py", line 678, in api_post
    raise RuntimeError(f"HTTP {response.status_code}: {body}")
RuntimeError: HTTP 422: {'success': False, 'error': "Column 'tahun_buat' cannot be null"}
2026-06-09 13:29:05,153 [INFO] Starting FITMOTOR GABUNG full sync | mode=incremental | machine=FITMOTOR1
2026-06-09 13:29:07,605 [INFO] Preflight OK: 2026-06-09 06:29:07
2026-06-09 13:29:07,606 [INFO] Opening Access MDB: E:\BENGKEL 2.0\FITMOTOR GABUNG.mdb
2026-06-09 13:29:08,470 [INFO] Sync dataset mulai: Master Cabang
2026-06-09 13:29:08,528 [INFO] Sync dataset selesai: Master Cabang | scanned=4 sent=0 skipped=4 batches=0
2026-06-09 13:29:08,528 [INFO] Sync dataset mulai: Master Pelanggan
2026-06-09 13:29:17,848 [INFO] Batch terkirim: pelanggan | rows=8 | run_id=848
2026-06-09 13:29:17,854 [INFO] Sync dataset selesai: Master Pelanggan | scanned=37556 sent=8 skipped=37548 batches=1
2026-06-09 13:29:17,855 [INFO] Sync dataset mulai: Pelanggan & Kendaraan
2026-06-09 13:29:18,520 [ERROR] Sync gagal: HTTP 422: {'success': False, 'error': "Column 'tahun_buat' cannot be null"}
Traceback (most recent call last):
  File "C:\laragon\www\web-bengkel\aplikasi\aplikasi\tools\access_sync_client\sync_fitmotor_gabung_full.py", line 941, in main
    summary = client.sync_dataset(connection, dataset, sample_limit=args.sample_limit)
              ^^^^^^^^^^^^^^^^^^^^^^^^^^^^^^^^^^^^^^^^^^^^^^^^^^^^^^^^^^^^^^^^^^^^^^^^
  File "C:\laragon\www\web-bengkel\aplikasi\aplikasi\tools\access_sync_client\sync_fitmotor_gabung_full.py", line 781, in sync_dataset
    sent_rows += self._flush_dataset_batch(dataset, changed_rows)
                 ^^^^^^^^^^^^^^^^^^^^^^^^^^^^^^^^^^^^^^^^^^^^^^^^
  File "C:\laragon\www\web-bengkel\aplikasi\aplikasi\tools\access_sync_client\sync_fitmotor_gabung_full.py", line 838, in _flush_dataset_batch
    response = self.api_post(dataset.endpoint, payload)
               ^^^^^^^^^^^^^^^^^^^^^^^^^^^^^^^^^^^^^^^^
  File "C:\laragon\www\web-bengkel\aplikasi\aplikasi\tools\access_sync_client\sync_fitmotor_gabung_full.py", line 678, in api_post
    raise RuntimeError(f"HTTP {response.status_code}: {body}")
RuntimeError: HTTP 422: {'success': False, 'error': "Column 'tahun_buat' cannot be null"}
2026-06-09 13:39:04,221 [INFO] Starting FITMOTOR GABUNG full sync | mode=incremental | machine=FITMOTOR1
2026-06-09 13:39:06,627 [INFO] Preflight OK: 2026-06-09 06:39:06
2026-06-09 13:39:06,628 [INFO] Opening Access MDB: E:\BENGKEL 2.0\FITMOTOR GABUNG.mdb
2026-06-09 13:39:08,080 [INFO] Sync dataset mulai: Master Cabang
2026-06-09 13:39:08,152 [INFO] Sync dataset selesai: Master Cabang | scanned=4 sent=0 skipped=4 batches=0
2026-06-09 13:39:08,152 [INFO] Sync dataset mulai: Master Pelanggan
2026-06-09 13:39:16,797 [INFO] Batch terkirim: pelanggan | rows=8 | run_id=851
2026-06-09 13:39:16,810 [INFO] Sync dataset selesai: Master Pelanggan | scanned=37556 sent=8 skipped=37548 batches=1
2026-06-09 13:39:16,810 [INFO] Sync dataset mulai: Pelanggan & Kendaraan
2026-06-09 13:39:17,372 [ERROR] Sync gagal: HTTP 422: {'success': False, 'error': "Column 'tahun_buat' cannot be null"}
Traceback (most recent call last):
  File "C:\laragon\www\web-bengkel\aplikasi\aplikasi\tools\access_sync_client\sync_fitmotor_gabung_full.py", line 941, in main
    summary = client.sync_dataset(connection, dataset, sample_limit=args.sample_limit)
              ^^^^^^^^^^^^^^^^^^^^^^^^^^^^^^^^^^^^^^^^^^^^^^^^^^^^^^^^^^^^^^^^^^^^^^^^
  File "C:\laragon\www\web-bengkel\aplikasi\aplikasi\tools\access_sync_client\sync_fitmotor_gabung_full.py", line 781, in sync_dataset
    sent_rows += self._flush_dataset_batch(dataset, changed_rows)
                 ^^^^^^^^^^^^^^^^^^^^^^^^^^^^^^^^^^^^^^^^^^^^^^^^
  File "C:\laragon\www\web-bengkel\aplikasi\aplikasi\tools\access_sync_client\sync_fitmotor_gabung_full.py", line 838, in _flush_dataset_batch
    response = self.api_post(dataset.endpoint, payload)
               ^^^^^^^^^^^^^^^^^^^^^^^^^^^^^^^^^^^^^^^^
  File "C:\laragon\www\web-bengkel\aplikasi\aplikasi\tools\access_sync_client\sync_fitmotor_gabung_full.py", line 678, in api_post
    raise RuntimeError(f"HTTP {response.status_code}: {body}")
RuntimeError: HTTP 422: {'success': False, 'error': "Column 'tahun_buat' cannot be null"}
2026-06-09 13:49:03,830 [INFO] Starting FITMOTOR GABUNG full sync | mode=incremental | machine=FITMOTOR1
2026-06-09 13:49:05,981 [INFO] Preflight OK: 2026-06-09 06:49:05
2026-06-09 13:49:05,981 [INFO] Opening Access MDB: E:\BENGKEL 2.0\FITMOTOR GABUNG.mdb
2026-06-09 13:49:06,646 [INFO] Sync dataset mulai: Master Cabang
2026-06-09 13:49:06,749 [INFO] Sync dataset selesai: Master Cabang | scanned=4 sent=0 skipped=4 batches=0
2026-06-09 13:49:06,749 [INFO] Sync dataset mulai: Master Pelanggan
2026-06-09 13:49:15,476 [INFO] Batch terkirim: pelanggan | rows=8 | run_id=854
2026-06-09 13:49:15,484 [INFO] Sync dataset selesai: Master Pelanggan | scanned=37556 sent=8 skipped=37548 batches=1
2026-06-09 13:49:15,485 [INFO] Sync dataset mulai: Pelanggan & Kendaraan
2026-06-09 13:49:16,119 [ERROR] Sync gagal: HTTP 422: {'success': False, 'error': "Column 'tahun_buat' cannot be null"}
Traceback (most recent call last):
  File "C:\laragon\www\web-bengkel\aplikasi\aplikasi\tools\access_sync_client\sync_fitmotor_gabung_full.py", line 941, in main
    summary = client.sync_dataset(connection, dataset, sample_limit=args.sample_limit)
              ^^^^^^^^^^^^^^^^^^^^^^^^^^^^^^^^^^^^^^^^^^^^^^^^^^^^^^^^^^^^^^^^^^^^^^^^
  File "C:\laragon\www\web-bengkel\aplikasi\aplikasi\tools\access_sync_client\sync_fitmotor_gabung_full.py", line 781, in sync_dataset
    sent_rows += self._flush_dataset_batch(dataset, changed_rows)
                 ^^^^^^^^^^^^^^^^^^^^^^^^^^^^^^^^^^^^^^^^^^^^^^^^
  File "C:\laragon\www\web-bengkel\aplikasi\aplikasi\tools\access_sync_client\sync_fitmotor_gabung_full.py", line 838, in _flush_dataset_batch
    response = self.api_post(dataset.endpoint, payload)
               ^^^^^^^^^^^^^^^^^^^^^^^^^^^^^^^^^^^^^^^^
  File "C:\laragon\www\web-bengkel\aplikasi\aplikasi\tools\access_sync_client\sync_fitmotor_gabung_full.py", line 678, in api_post
    raise RuntimeError(f"HTTP {response.status_code}: {body}")
RuntimeError: HTTP 422: {'success': False, 'error': "Column 'tahun_buat' cannot be null"}
2026-06-09 13:59:03,729 [INFO] Starting FITMOTOR GABUNG full sync | mode=incremental | machine=FITMOTOR1
2026-06-09 13:59:05,866 [INFO] Preflight OK: 2026-06-09 06:59:05
2026-06-09 13:59:05,866 [INFO] Opening Access MDB: E:\BENGKEL 2.0\FITMOTOR GABUNG.mdb
2026-06-09 13:59:06,543 [INFO] Sync dataset mulai: Master Cabang
2026-06-09 13:59:06,577 [INFO] Sync dataset selesai: Master Cabang | scanned=4 sent=0 skipped=4 batches=0
2026-06-09 13:59:06,577 [INFO] Sync dataset mulai: Master Pelanggan
2026-06-09 13:59:13,968 [INFO] Batch terkirim: pelanggan | rows=8 | run_id=857
2026-06-09 13:59:13,976 [INFO] Sync dataset selesai: Master Pelanggan | scanned=37556 sent=8 skipped=37548 batches=1
2026-06-09 13:59:13,976 [INFO] Sync dataset mulai: Pelanggan & Kendaraan
2026-06-09 13:59:14,527 [ERROR] Sync gagal: HTTP 422: {'success': False, 'error': "Column 'tahun_buat' cannot be null"}
Traceback (most recent call last):
  File "C:\laragon\www\web-bengkel\aplikasi\aplikasi\tools\access_sync_client\sync_fitmotor_gabung_full.py", line 941, in main
    summary = client.sync_dataset(connection, dataset, sample_limit=args.sample_limit)
              ^^^^^^^^^^^^^^^^^^^^^^^^^^^^^^^^^^^^^^^^^^^^^^^^^^^^^^^^^^^^^^^^^^^^^^^^
  File "C:\laragon\www\web-bengkel\aplikasi\aplikasi\tools\access_sync_client\sync_fitmotor_gabung_full.py", line 781, in sync_dataset
    sent_rows += self._flush_dataset_batch(dataset, changed_rows)
                 ^^^^^^^^^^^^^^^^^^^^^^^^^^^^^^^^^^^^^^^^^^^^^^^^
  File "C:\laragon\www\web-bengkel\aplikasi\aplikasi\tools\access_sync_client\sync_fitmotor_gabung_full.py", line 838, in _flush_dataset_batch
    response = self.api_post(dataset.endpoint, payload)
               ^^^^^^^^^^^^^^^^^^^^^^^^^^^^^^^^^^^^^^^^
  File "C:\laragon\www\web-bengkel\aplikasi\aplikasi\tools\access_sync_client\sync_fitmotor_gabung_full.py", line 678, in api_post
    raise RuntimeError(f"HTTP {response.status_code}: {body}")
RuntimeError: HTTP 422: {'success': False, 'error': "Column 'tahun_buat' cannot be null"}
2026-06-09 14:09:03,676 [INFO] Starting FITMOTOR GABUNG full sync | mode=incremental | machine=FITMOTOR1
2026-06-09 14:09:05,774 [INFO] Preflight OK: 2026-06-09 07:09:05
2026-06-09 14:09:05,774 [INFO] Opening Access MDB: E:\BENGKEL 2.0\FITMOTOR GABUNG.mdb
2026-06-09 14:09:06,488 [INFO] Sync dataset mulai: Master Cabang
2026-06-09 14:09:06,543 [INFO] Sync dataset selesai: Master Cabang | scanned=4 sent=0 skipped=4 batches=0
2026-06-09 14:09:06,544 [INFO] Sync dataset mulai: Master Pelanggan
2026-06-09 14:09:14,060 [INFO] Batch terkirim: pelanggan | rows=8 | run_id=860
2026-06-09 14:09:14,110 [INFO] Sync dataset selesai: Master Pelanggan | scanned=37556 sent=8 skipped=37548 batches=1
2026-06-09 14:09:14,111 [INFO] Sync dataset mulai: Pelanggan & Kendaraan
2026-06-09 14:09:14,637 [ERROR] Sync gagal: HTTP 422: {'success': False, 'error': "Column 'tahun_buat' cannot be null"}
Traceback (most recent call last):
  File "C:\laragon\www\web-bengkel\aplikasi\aplikasi\tools\access_sync_client\sync_fitmotor_gabung_full.py", line 941, in main
    summary = client.sync_dataset(connection, dataset, sample_limit=args.sample_limit)
              ^^^^^^^^^^^^^^^^^^^^^^^^^^^^^^^^^^^^^^^^^^^^^^^^^^^^^^^^^^^^^^^^^^^^^^^^
  File "C:\laragon\www\web-bengkel\aplikasi\aplikasi\tools\access_sync_client\sync_fitmotor_gabung_full.py", line 781, in sync_dataset
    sent_rows += self._flush_dataset_batch(dataset, changed_rows)
                 ^^^^^^^^^^^^^^^^^^^^^^^^^^^^^^^^^^^^^^^^^^^^^^^^
  File "C:\laragon\www\web-bengkel\aplikasi\aplikasi\tools\access_sync_client\sync_fitmotor_gabung_full.py", line 838, in _flush_dataset_batch
    response = self.api_post(dataset.endpoint, payload)
               ^^^^^^^^^^^^^^^^^^^^^^^^^^^^^^^^^^^^^^^^
  File "C:\laragon\www\web-bengkel\aplikasi\aplikasi\tools\access_sync_client\sync_fitmotor_gabung_full.py", line 678, in api_post
    raise RuntimeError(f"HTTP {response.status_code}: {body}")
RuntimeError: HTTP 422: {'success': False, 'error': "Column 'tahun_buat' cannot be null"}
2026-06-09 14:19:03,606 [INFO] Starting FITMOTOR GABUNG full sync | mode=incremental | machine=FITMOTOR1
2026-06-09 14:19:05,714 [INFO] Preflight OK: 2026-06-09 07:19:05
2026-06-09 14:19:05,714 [INFO] Opening Access MDB: E:\BENGKEL 2.0\FITMOTOR GABUNG.mdb
2026-06-09 14:19:06,383 [INFO] Sync dataset mulai: Master Cabang
2026-06-09 14:19:06,417 [INFO] Sync dataset selesai: Master Cabang | scanned=4 sent=0 skipped=4 batches=0
2026-06-09 14:19:06,417 [INFO] Sync dataset mulai: Master Pelanggan
2026-06-09 14:19:13,696 [INFO] Batch terkirim: pelanggan | rows=8 | run_id=863
2026-06-09 14:19:13,703 [INFO] Sync dataset selesai: Master Pelanggan | scanned=37556 sent=8 skipped=37548 batches=1
2026-06-09 14:19:13,703 [INFO] Sync dataset mulai: Pelanggan & Kendaraan
2026-06-09 14:19:14,216 [ERROR] Sync gagal: HTTP 422: {'success': False, 'error': "Column 'tahun_buat' cannot be null"}
Traceback (most recent call last):
  File "C:\laragon\www\web-bengkel\aplikasi\aplikasi\tools\access_sync_client\sync_fitmotor_gabung_full.py", line 941, in main
    summary = client.sync_dataset(connection, dataset, sample_limit=args.sample_limit)
              ^^^^^^^^^^^^^^^^^^^^^^^^^^^^^^^^^^^^^^^^^^^^^^^^^^^^^^^^^^^^^^^^^^^^^^^^
  File "C:\laragon\www\web-bengkel\aplikasi\aplikasi\tools\access_sync_client\sync_fitmotor_gabung_full.py", line 781, in sync_dataset
    sent_rows += self._flush_dataset_batch(dataset, changed_rows)
                 ^^^^^^^^^^^^^^^^^^^^^^^^^^^^^^^^^^^^^^^^^^^^^^^^
  File "C:\laragon\www\web-bengkel\aplikasi\aplikasi\tools\access_sync_client\sync_fitmotor_gabung_full.py", line 838, in _flush_dataset_batch
    response = self.api_post(dataset.endpoint, payload)
               ^^^^^^^^^^^^^^^^^^^^^^^^^^^^^^^^^^^^^^^^
  File "C:\laragon\www\web-bengkel\aplikasi\aplikasi\tools\access_sync_client\sync_fitmotor_gabung_full.py", line 678, in api_post
    raise RuntimeError(f"HTTP {response.status_code}: {body}")
RuntimeError: HTTP 422: {'success': False, 'error': "Column 'tahun_buat' cannot be null"}
2026-06-09 14:29:05,317 [INFO] Starting FITMOTOR GABUNG full sync | mode=incremental | machine=FITMOTOR1
2026-06-09 14:29:07,865 [INFO] Preflight OK: 2026-06-09 07:29:07
2026-06-09 14:29:07,866 [INFO] Opening Access MDB: E:\BENGKEL 2.0\FITMOTOR GABUNG.mdb
2026-06-09 14:29:09,585 [INFO] Sync dataset mulai: Master Cabang
2026-06-09 14:29:09,709 [INFO] Sync dataset selesai: Master Cabang | scanned=4 sent=0 skipped=4 batches=0
2026-06-09 14:29:09,709 [INFO] Sync dataset mulai: Master Pelanggan
2026-06-09 14:29:19,750 [INFO] Batch terkirim: pelanggan | rows=8 | run_id=866
2026-06-09 14:29:19,774 [INFO] Sync dataset selesai: Master Pelanggan | scanned=37556 sent=8 skipped=37548 batches=1
2026-06-09 14:29:19,774 [INFO] Sync dataset mulai: Pelanggan & Kendaraan
2026-06-09 14:29:20,475 [ERROR] Sync gagal: HTTP 422: {'success': False, 'error': "Column 'tahun_buat' cannot be null"}
Traceback (most recent call last):
  File "C:\laragon\www\web-bengkel\aplikasi\aplikasi\tools\access_sync_client\sync_fitmotor_gabung_full.py", line 941, in main
    summary = client.sync_dataset(connection, dataset, sample_limit=args.sample_limit)
              ^^^^^^^^^^^^^^^^^^^^^^^^^^^^^^^^^^^^^^^^^^^^^^^^^^^^^^^^^^^^^^^^^^^^^^^^
  File "C:\laragon\www\web-bengkel\aplikasi\aplikasi\tools\access_sync_client\sync_fitmotor_gabung_full.py", line 781, in sync_dataset
    sent_rows += self._flush_dataset_batch(dataset, changed_rows)
                 ^^^^^^^^^^^^^^^^^^^^^^^^^^^^^^^^^^^^^^^^^^^^^^^^
  File "C:\laragon\www\web-bengkel\aplikasi\aplikasi\tools\access_sync_client\sync_fitmotor_gabung_full.py", line 838, in _flush_dataset_batch
    response = self.api_post(dataset.endpoint, payload)
               ^^^^^^^^^^^^^^^^^^^^^^^^^^^^^^^^^^^^^^^^
  File "C:\laragon\www\web-bengkel\aplikasi\aplikasi\tools\access_sync_client\sync_fitmotor_gabung_full.py", line 678, in api_post
    raise RuntimeError(f"HTTP {response.status_code}: {body}")
RuntimeError: HTTP 422: {'success': False, 'error': "Column 'tahun_buat' cannot be null"}
2026-06-09 14:49:08,116 [INFO] Starting FITMOTOR GABUNG full sync | mode=incremental | machine=FITMOTOR1
2026-06-09 14:49:10,866 [INFO] Preflight OK: 2026-06-09 07:49:10
2026-06-09 14:49:10,867 [INFO] Opening Access MDB: E:\BENGKEL 2.0\FITMOTOR GABUNG.mdb
2026-06-09 14:49:14,853 [INFO] Sync dataset mulai: Master Cabang
2026-06-09 14:49:15,250 [INFO] Sync dataset selesai: Master Cabang | scanned=4 sent=0 skipped=4 batches=0
2026-06-09 14:49:15,251 [INFO] Sync dataset mulai: Master Pelanggan
2026-06-09 14:49:30,994 [INFO] Batch terkirim: pelanggan | rows=8 | run_id=869
2026-06-09 14:49:31,029 [INFO] Sync dataset selesai: Master Pelanggan | scanned=37556 sent=8 skipped=37548 batches=1
2026-06-09 14:49:31,029 [INFO] Sync dataset mulai: Pelanggan & Kendaraan
2026-06-09 14:49:32,151 [ERROR] Sync gagal: HTTP 422: {'success': False, 'error': "Column 'tahun_buat' cannot be null"}
Traceback (most recent call last):
  File "C:\laragon\www\web-bengkel\aplikasi\aplikasi\tools\access_sync_client\sync_fitmotor_gabung_full.py", line 941, in main
    summary = client.sync_dataset(connection, dataset, sample_limit=args.sample_limit)
              ^^^^^^^^^^^^^^^^^^^^^^^^^^^^^^^^^^^^^^^^^^^^^^^^^^^^^^^^^^^^^^^^^^^^^^^^
  File "C:\laragon\www\web-bengkel\aplikasi\aplikasi\tools\access_sync_client\sync_fitmotor_gabung_full.py", line 781, in sync_dataset
    sent_rows += self._flush_dataset_batch(dataset, changed_rows)
                 ^^^^^^^^^^^^^^^^^^^^^^^^^^^^^^^^^^^^^^^^^^^^^^^^
  File "C:\laragon\www\web-bengkel\aplikasi\aplikasi\tools\access_sync_client\sync_fitmotor_gabung_full.py", line 838, in _flush_dataset_batch
    response = self.api_post(dataset.endpoint, payload)
               ^^^^^^^^^^^^^^^^^^^^^^^^^^^^^^^^^^^^^^^^
  File "C:\laragon\www\web-bengkel\aplikasi\aplikasi\tools\access_sync_client\sync_fitmotor_gabung_full.py", line 678, in api_post
    raise RuntimeError(f"HTTP {response.status_code}: {body}")
RuntimeError: HTTP 422: {'success': False, 'error': "Column 'tahun_buat' cannot be null"}
